network_packet_size,protocol_type,login_attempts,session_duration,encryption_used,ip_reputation_score,failed_logins,browser_type,unusual_time_access
386,0,5,1949,1,0,0,1,0
612,0,3,150,2,0,0,0,0
1122,1,2,246,0,0,3,2,0
567,0,1,2301,2,0,3,1,0
545,0,4,514,0,0,2,2,0
732,1,2,773,2,0,1,0,0
646,1,6,904,2,0,0,1,0
485,1,6,1857,2,0,1,0,0
324,1,5,1383,0,0,2,0,0
455,0,2,2947,1,0,2,4,0
299,0,7,607,0,0,1,0,0
123,1,7,16,0,0,2,4,0
627,1,6,197,1,0,1,0,0
627,0,2,539,1,0,2,0,0
490,2,6,1129,1,0,2,0,0
531,2,4,434,1,0,2,3,0
393,0,3,371,2,0,0,0,0
400,0,5,356,0,0,0,0,0
577,0,3,868,0,0,2,0,0
620,1,2,156,0,0,2,0,0
183,0,7,527,0,0,0,0,0
509,0,2,1966,0,0,4,1,0
235,1,4,65,0,0,2,0,0
594,0,4,622,0,0,2,0,0
430,2,3,2003,0,0,0,0,0
580,1,4,340,0,0,4,0,1
670,0,6,300,0,0,1,0,0
592,0,7,496,2,0,2,1,0
638,0,4,801,0,0,0,0,0
545,0,4,550,2,0,1,0,0
620,1,5,434,0,0,3,2,0
734,1,2,177,1,0,1,2,0
438,1,3,177,1,0,1,0,1
833,0,7,190,0,0,3,4,1
712,0,1,201,0,0,1,2,0
394,0,2,184,0,0,2,0,0
512,0,5,763,2,0,2,0,0
457,0,4,333,0,0,4,0,0
477,1,10,928,0,0,2,0,1
531,0,2,325,2,0,2,0,1
738,0,10,629,1,0,2,0,0
79,0,1,84,1,0,4,1,0
508,0,2,596,0,0,2,2,0
516,0,3,423,0,0,1,0,0
357,0,9,72,1,0,2,1,0
860,0,8,128,1,0,2,0,0
64,0,3,457,0,0,2,0,0
64,0,4,1201,1,0,3,3,1
349,0,2,464,0,0,1,2,0
657,0,6,736,0,0,1,2,0
664,0,7,441,1,0,3,0,0
372,1,4,137,0,0,2,1,0
434,1,3,161,2,0,2,0,0
568,1,2,984,0,0,2,4,0
232,0,4,591,0,0,3,0,0
241,0,5,840,0,0,1,1,0
559,0,8,2211,0,0,1,1,0
311,0,1,1495,0,0,1,4,0
568,1,5,496,0,0,1,0,1
78,0,2,193,1,0,1,2,0
439,0,4,1645,0,0,2,0,1
64,0,3,1994,1,0,3,0,1
347,0,5,318,0,0,1,1,0
488,2,7,1175,2,0,0,1,0
659,0,2,1459,0,0,2,1,0
607,0,4,1199,0,0,1,3,0
584,0,2,1546,0,0,0,0,0
622,0,5,1055,1,0,3,0,0
774,1,6,435,1,0,1,1,0
506,1,7,48,0,0,2,0,0
282,0,6,367,0,0,1,0,0
587,1,6,172,0,0,2,3,0
198,0,6,246,0,0,1,3,0
511,0,3,410,0,0,3,0,0
416,0,4,371,0,0,2,4,0
215,0,2,586,1,0,4,0,0
297,0,8,1421,0,0,3,2,0
484,2,6,214,0,0,0,2,0
411,1,4,171,0,0,2,0,0
782,0,4,71,1,0,0,0,0
618,0,2,49,2,0,4,1,0
507,0,5,63,1,0,2,1,0
464,0,8,892,0,0,0,1,0
629,0,3,1302,0,0,0,0,0
538,1,2,39,0,0,3,2,0
282,2,3,1236,0,0,1,3,0
462,0,4,1491,0,0,1,4,0
457,0,4,1485,0,0,3,1,0
427,0,6,36,0,0,2,0,0
843,0,2,48,2,0,2,0,0
602,0,4,635,0,0,2,1,0
549,0,2,1063,1,0,2,0,0
719,1,1,454,2,0,3,0,0
156,0,2,1380,0,0,0,0,0
530,0,5,802,1,0,0,0,0
880,0,2,8,1,0,1,0,0
942,0,7,610,0,0,1,2,0
82,0,4,237,1,0,2,0,1
589,1,3,1427,2,0,1,3,0
303,0,3,88,1,0,1,2,0
447,0,5,106,0,0,3,0,0
268,1,5,501,0,0,1,0,0
564,1,6,341,0,0,3,0,0
576,0,2,543,0,0,2,0,0
625,2,2,287,0,0,2,0,0
341,0,6,2280,1,0,1,2,0
409,0,4,1341,0,0,1,1,0
185,0,2,568,2,0,4,0,1
123,1,1,292,0,0,1,1,0
353,0,3,445,2,0,2,1,0
436,0,5,1929,2,0,3,2,0
316,1,6,3046,1,0,2,0,0
410,0,5,111,0,0,1,1,0
503,0,8,551,0,0,2,1,1
522,1,3,717,1,0,0,1,0
323,0,4,1879,0,0,1,0,0
440,1,1,319,1,0,2,0,1
465,1,1,573,0,0,2,2,0
607,0,2,219,0,0,2,2,0
64,1,5,451,0,0,2,0,0
683,0,5,1056,2,0,1,0,0
150,0,5,650,0,0,1,1,0
383,1,4,228,1,0,2,0,0
954,1,5,634,1,0,1,0,0
615,2,3,11,0,0,1,0,1
161,0,8,1248,2,0,4,0,0
606,0,4,132,0,0,1,0,0
721,1,5,796,2,0,1,3,0
576,0,4,1185,1,0,1,0,0
667,0,10,1675,0,0,3,0,0
565,1,1,768,1,0,1,0,0
679,1,5,271,0,0,4,4,0
403,0,5,1270,1,0,2,4,0
524,0,6,1283,0,0,1,0,1
601,1,7,131,1,0,2,0,0
755,0,8,2344,0,0,1,2,0
607,2,3,129,2,0,2,1,0
609,0,2,795,2,0,1,0,0
415,0,4,36,0,0,2,0,0
744,0,5,583,1,0,1,0,0
389,0,4,2935,1,0,2,0,0
439,0,3,354,2,0,4,1,0
454,0,6,834,0,0,3,0,0
538,0,5,411,0,0,3,0,0
832,1,3,280,0,0,0,0,0
560,0,7,1045,0,0,1,4,0
385,0,5,552,0,0,3,2,0
566,1,2,3403,0,0,2,0,0
264,1,5,107,0,0,3,0,0
447,1,9,374,0,0,1,1,0
355,0,2,756,0,0,2,0,0
315,0,5,1389,0,0,1,0,0
576,0,2,580,0,0,2,0,0
366,1,6,294,2,0,3,2,1
462,0,6,2308,0,0,2,0,0
304,0,1,646,1,0,2,3,0
770,2,2,762,0,0,0,0,0
215,1,5,286,1,0,0,1,0
665,1,8,521,1,0,2,0,0
529,0,3,789,2,0,1,0,0
532,0,3,402,0,0,1,2,0
64,0,1,19,2,0,2,0,1
163,0,7,1066,0,0,1,2,1
612,0,6,131,1,0,2,2,0
711,0,3,62,2,0,2,0,1
232,0,3,2241,0,0,1,1,0
146,0,2,1567,2,0,1,1,1
672,0,3,3337,0,0,3,1,1
64,1,4,59,1,0,1,2,0
299,0,2,1040,2,0,2,3,1
825,2,5,234,1,0,2,0,0
428,0,3,351,0,0,3,4,0
538,0,1,18,0,0,0,0,0
511,0,1,2615,0,0,1,2,0
734,1,1,212,1,0,0,1,0
709,0,9,1001,0,0,2,0,0
728,0,8,243,0,0,1,0,0
575,0,1,158,0,0,1,0,0
447,1,1,99,1,0,2,0,0
632,0,5,819,0,0,3,1,0
773,1,6,133,0,0,0,0,1
1027,0,5,2398,2,0,0,0,0
931,1,5,444,0,0,0,2,1
369,0,3,674,1,0,2,0,0
339,1,9,1676,0,0,1,0,0
246,0,5,620,0,0,2,0,1
420,0,4,1590,1,0,0,0,0
378,1,1,553,0,0,1,1,0
399,1,5,1448,0,0,1,1,0
413,1,2,930,0,0,2,0,0
394,0,5,357,0,0,1,0,0
662,0,3,3156,1,0,1,0,0
488,0,2,271,0,0,3,0,0
544,1,4,561,0,0,3,0,0
526,1,6,715,1,0,3,2,0
395,0,7,1314,0,0,4,3,0
374,0,4,735,2,0,1,0,0
417,0,1,112,1,0,0,1,0
414,0,1,1105,0,0,1,0,0
458,1,3,1043,0,0,2,0,0
700,0,5,105,1,0,2,0,0
615,1,1,1288,1,0,2,2,0
825,0,3,705,0,0,1,0,0
654,0,3,273,0,0,1,0,0
733,0,8,593,0,0,0,2,0
600,0,5,959,1,0,1,1,0
583,1,7,423,1,0,1,0,1
850,1,9,1207,2,0,1,0,0
691,1,4,611,2,0,0,2,0
353,1,8,266,2,0,0,2,0
613,0,3,15,2,0,2,2,0
507,0,6,1006,0,0,1,0,0
480,0,7,552,1,0,0,2,0
626,0,6,904,0,0,1,0,0
226,1,5,4,1,0,4,0,0
316,1,3,76,0,0,0,4,1
690,0,2,2746,1,0,1,2,0
573,0,1,1718,1,0,1,0,1
585,0,4,398,0,0,2,2,1
692,1,3,36,0,0,4,0,0
423,0,8,2613,1,0,3,1,0
459,0,6,614,0,0,2,0,0
766,1,7,1204,1,0,1,0,0
734,0,2,158,0,0,1,2,0
591,0,5,283,1,0,0,0,1
581,0,2,203,0,0,2,0,0
501,0,3,64,1,0,2,0,0
285,0,2,262,1,0,2,2,1
504,0,4,898,1,0,2,2,1
336,0,7,2263,1,0,1,0,0
276,0,4,422,0,0,0,2,0
826,1,9,82,0,0,1,0,0
533,0,3,195,0,0,2,0,1
718,1,4,1999,1,0,1,0,0
498,1,3,1337,0,0,2,4,0
332,1,5,102,0,0,1,0,0
199,2,5,666,0,0,2,1,0
508,1,7,622,1,0,0,0,0
353,0,1,1269,2,0,0,0,0
629,1,7,1074,0,0,0,0,0
511,0,5,37,1,0,0,0,0
332,0,7,1378,0,0,0,2,1
470,1,5,411,0,0,0,0,0
786,1,5,70,0,0,0,0,0
468,0,5,77,1,0,1,1,0
564,1,2,137,1,0,2,2,0
627,0,1,1252,2,0,0,1,0
621,1,5,63,0,0,0,1,0
649,0,3,1959,1,0,2,2,0
96,0,2,444,1,0,3,2,0
446,0,4,588,0,0,2,1,0
358,1,4,1275,0,0,1,0,0
482,0,1,657,1,0,3,2,1
225,0,1,390,0,0,1,1,0
369,2,5,346,0,0,2,0,0
415,0,2,294,0,0,3,0,0
363,0,3,258,1,0,0,1,0
465,1,5,356,2,0,1,0,0
880,1,1,981,0,0,1,4,0
375,0,1,315,2,0,1,0,0
1087,1,3,1667,2,0,1,1,0
603,0,4,105,1,0,2,0,0
404,1,6,996,0,0,1,0,1
317,1,4,91,1,0,1,0,1
666,1,4,311,0,0,2,0,0
492,2,5,555,1,0,1,0,0
515,0,4,2852,0,0,1,0,0
276,0,2,534,0,0,2,1,0
551,2,8,180,0,0,3,0,0
371,0,5,600,2,0,1,0,0
123,0,4,1114,1,0,1,0,0
767,0,4,678,1,0,0,0,0
422,0,2,1417,1,0,1,0,0
593,0,4,309,0,0,3,0,1
304,0,5,1080,0,0,3,3,0
184,0,2,91,1,0,1,0,0
483,1,5,965,0,0,1,1,0
525,0,1,244,2,0,1,0,1
731,0,3,78,0,0,1,0,0
566,1,2,1779,2,0,1,0,0
582,0,7,736,0,0,1,0,0
835,0,1,250,1,0,0,0,0
392,0,4,892,0,0,2,2,0
458,0,1,1200,1,0,3,2,0
442,0,4,309,0,0,1,0,0
575,0,3,3286,1,0,0,0,0
193,1,6,139,0,0,0,0,0
402,0,2,139,1,0,2,2,0
476,0,3,804,0,0,1,3,0
531,0,1,643,0,0,2,4,0
806,1,8,1685,2,0,0,0,1
311,0,1,86,1,0,2,0,0
917,0,4,91,1,0,0,0,0
360,0,4,215,0,0,3,3,0
176,0,3,469,1,0,1,0,0
718,0,4,521,1,0,1,0,0
466,1,3,89,0,0,0,0,0
107,0,3,338,2,0,1,0,0
637,0,4,830,1,0,2,1,1
398,1,6,196,0,0,1,0,0
618,0,3,1806,2,0,2,1,0
399,1,6,1139,0,0,1,0,0
417,1,4,1950,1,0,1,0,0
451,0,1,1417,0,0,2,1,0
369,1,5,1183,1,0,4,2,0
534,0,4,1134,2,0,2,0,0
258,1,4,1201,0,0,2,0,0
603,0,1,482,1,0,0,2,0
329,0,9,47,2,0,2,2,0
656,1,1,682,1,0,1,2,0
506,0,3,1697,1,0,4,0,0
165,1,1,1770,0,0,1,3,0
564,1,3,657,0,0,1,0,0
352,1,5,117,2,0,2,0,0
682,1,3,134,0,0,1,0,0
512,0,4,121,0,0,1,4,0
973,0,2,1366,1,0,3,2,0
852,0,3,412,1,0,0,3,0
389,0,4,219,1,0,1,0,0
711,0,5,708,2,0,2,0,0
84,0,3,946,0,0,2,3,1
552,1,7,421,2,0,3,2,0
419,0,7,691,0,0,3,1,0
661,1,6,1017,0,0,1,0,0
329,0,5,802,0,0,0,0,0
326,0,2,343,1,0,1,0,0
455,0,5,598,0,0,1,2,0
293,1,6,1807,2,0,1,0,0
444,0,3,453,0,0,1,0,0
503,1,4,209,1,0,4,0,0
308,0,1,752,2,0,2,1,0
515,0,5,1869,2,0,3,0,0
87,1,2,2451,0,0,3,2,0
503,0,5,318,2,0,2,0,0
739,0,8,3801,0,0,1,3,0
448,0,2,44,2,0,1,0,0
715,0,1,2310,0,0,4,1,0
633,0,5,40,0,0,2,2,1
475,0,6,1110,0,0,0,0,0
747,0,2,797,0,0,2,0,1
205,0,5,487,0,0,2,0,0
571,0,7,63,0,0,2,0,0
728,0,3,952,0,0,0,0,0
495,0,7,349,1,0,2,4,1
545,0,5,824,2,0,1,1,0
279,0,4,329,1,0,3,3,0
564,1,6,201,1,0,2,0,0
894,0,5,726,2,0,1,0,0
577,0,9,223,1,0,1,2,0
457,0,2,97,0,0,2,2,0
237,0,5,440,2,0,3,0,0
495,1,7,73,2,0,4,0,0
546,0,4,2522,0,0,1,0,0
321,1,8,605,1,0,3,0,0
332,0,6,694,0,0,0,1,0
568,0,4,1363,2,0,3,3,0
829,1,5,795,0,0,2,2,0
672,1,4,7,2,0,2,4,0
351,0,8,559,0,0,2,2,0
398,0,3,196,2,0,3,0,1
440,1,1,754,2,0,2,0,0
707,0,7,1459,1,0,2,2,0
464,0,4,74,1,0,4,4,0
655,0,2,297,0,0,2,0,0
479,1,6,361,0,0,1,2,0
351,0,2,185,1,0,2,0,0
561,0,2,467,0,0,3,0,0
328,0,4,4329,1,0,3,1,0
316,0,5,1038,0,0,2,0,1
629,0,6,488,1,0,2,0,0
608,1,3,1068,1,0,2,0,0
506,1,2,337,2,0,0,0,0
566,1,4,854,1,0,0,0,0
493,0,3,1341,1,0,2,3,0
285,0,5,1659,0,0,0,0,0
541,0,8,456,1,0,1,2,0
415,2,5,703,1,0,1,0,0
701,1,3,1161,2,0,1,2,0
705,0,8,342,0,0,1,0,1
393,0,4,1670,0,0,2,0,1
262,0,4,626,0,0,0,0,0
602,0,4,1736,0,0,2,0,0
608,1,5,2752,0,0,0,0,0
249,0,3,2299,1,0,0,2,0
557,0,3,1085,0,0,1,0,0
617,0,3,40,1,0,1,1,0
388,0,7,152,1,0,3,4,0
288,0,2,12,1,0,1,0,0
436,1,4,222,0,0,3,1,0
365,1,1,1036,0,0,2,0,0
766,0,2,137,1,0,1,2,0
355,0,1,2071,0,0,5,0,0
428,0,4,839,1,0,1,1,0
679,1,5,495,2,0,1,0,0
754,2,1,803,0,0,1,0,0
363,2,4,391,0,0,1,0,0
524,0,1,279,1,0,2,0,1
460,0,5,361,2,0,3,2,0
368,0,2,902,1,0,1,0,0
457,0,2,281,0,0,2,2,0
917,0,6,166,1,0,0,2,0
720,1,1,21,0,0,1,3,1
426,0,6,803,0,0,1,4,0
664,1,6,915,1,0,1,2,0
358,0,4,362,1,0,1,4,0
859,0,5,903,0,0,0,2,0
410,0,1,356,2,0,1,0,0
492,0,5,1271,2,0,1,4,0
702,0,5,233,1,0,2,0,0
465,0,2,251,1,0,1,0,0
491,1,2,129,1,0,2,1,0
621,1,2,139,1,0,3,3,0
117,0,4,833,1,0,2,4,0
211,0,4,3838,0,0,1,4,0
337,2,3,518,1,0,2,2,0
116,2,2,109,1,0,0,0,0
408,0,5,661,0,0,1,0,1
173,0,6,1009,1,0,2,0,0
365,0,3,775,0,0,1,0,0
694,0,1,230,1,0,2,0,0
572,1,2,1787,0,0,3,2,0
696,0,2,137,0,0,1,3,0
584,0,3,244,1,0,1,2,0
450,1,1,508,0,0,2,0,0
268,0,7,2091,0,0,0,0,0
500,0,4,339,0,0,2,0,0
225,1,7,420,1,0,0,1,0
689,0,4,1,1,0,0,2,0
373,0,6,286,1,0,2,0,0
600,2,4,528,1,0,2,0,0
438,1,4,226,1,0,3,2,0
459,1,4,480,0,0,2,1,0
502,0,2,765,1,0,2,0,1
455,0,6,218,2,0,3,3,0
671,2,5,966,0,0,2,0,0
474,2,4,308,0,0,4,0,0
100,0,1,1712,0,0,1,0,0
493,0,3,892,0,0,2,0,0
100,1,3,222,2,0,0,0,0
414,0,3,1140,0,0,1,2,0
380,0,4,103,0,0,0,4,0
230,0,3,292,0,0,0,2,0
599,0,5,112,0,0,1,4,0
381,0,1,145,0,0,2,0,0
455,0,2,1493,0,0,1,3,0
521,0,4,740,2,0,2,2,0
706,1,5,1518,0,0,2,1,0
664,0,5,35,0,0,1,2,0
463,1,5,149,1,0,2,0,0
463,1,6,1106,2,0,3,0,0
542,1,5,1281,1,0,0,2,0
946,0,2,357,0,0,3,2,1
731,1,6,2025,0,0,1,0,1
892,1,1,2185,0,0,0,3,0
612,0,3,6949,1,0,4,0,0
590,0,4,482,0,0,1,3,1
254,1,6,602,0,0,1,0,0
483,0,3,883,2,0,1,1,0
348,0,1,879,0,0,1,1,0
651,0,4,282,0,0,1,0,0
426,0,5,765,2,0,1,2,0
393,0,1,300,1,0,0,0,0
687,0,3,34,1,0,1,4,0
106,0,2,971,0,0,3,2,0
297,0,4,72,0,0,0,4,0
256,0,6,2151,2,0,3,0,1
561,0,1,1073,2,0,2,3,0
795,0,6,1614,0,0,2,0,0
336,0,5,1028,0,0,1,2,0
466,0,5,1628,0,0,0,2,0
674,0,4,77,0,0,3,1,0
725,0,6,481,1,0,3,1,1
282,2,5,1000,0,0,3,4,0
438,0,3,931,2,0,4,0,0
509,2,4,94,0,0,1,0,0
715,1,5,373,1,0,0,3,0
888,0,2,1729,2,0,0,0,0
292,0,1,1862,0,0,1,0,0
833,2,5,834,0,0,0,2,1
897,0,3,480,2,0,3,0,0
678,1,4,1537,1,0,0,0,0
616,0,6,126,0,0,2,0,0
561,0,6,673,1,0,0,2,0
778,0,2,110,0,0,2,0,0
637,0,3,1096,0,0,2,0,0
444,0,4,246,2,0,1,1,0
331,0,5,656,0,0,0,2,0
459,0,4,273,0,0,2,0,0
546,0,2,363,0,0,0,3,0
561,0,3,442,0,0,0,2,0
227,1,2,550,0,0,1,0,0
223,1,4,55,1,0,0,2,0
371,1,2,551,1,0,0,0,0
877,1,2,538,0,0,2,0,0
559,0,5,483,0,0,3,4,1
667,0,4,1387,2,0,3,0,0
514,0,3,887,1,0,1,0,0
541,0,5,2655,0,0,2,3,0
330,0,3,356,0,0,1,0,0
514,0,4,120,2,0,2,0,0
571,0,5,1101,1,0,2,0,1
384,1,7,1349,2,0,2,2,0
603,1,1,1610,0,0,3,2,0
692,0,4,226,2,0,0,2,0
456,0,4,1527,0,0,1,2,0
264,0,7,2457,1,0,3,0,0
532,0,2,255,1,0,0,2,1
640,1,1,143,0,0,2,1,0
369,0,4,194,1,0,1,0,0
390,0,3,926,0,0,2,1,0
822,0,5,253,1,0,2,1,0
645,0,1,1076,0,0,1,2,0
676,0,3,61,1,0,1,0,0
770,2,5,2004,0,0,2,2,1
768,0,5,1121,0,0,1,2,0
495,0,5,622,1,0,1,0,1
336,0,2,1142,0,0,1,1,0
808,0,2,510,0,0,0,2,1
430,0,7,106,1,0,2,1,0
151,0,5,58,0,0,2,2,0
509,0,3,1366,1,0,2,0,0
479,1,2,442,1,0,1,2,0
397,0,2,399,0,0,0,2,0
587,1,2,980,0,0,0,0,0
711,0,1,1586,2,0,1,0,0
778,1,4,155,1,0,1,3,1
452,0,3,857,2,0,2,1,0
388,0,3,466,0,0,1,0,0
434,0,2,2405,1,0,1,0,0
617,0,1,2362,0,0,0,4,0
704,0,4,52,1,0,2,0,1
245,0,1,1765,1,0,2,0,0
747,2,3,52,0,0,4,0,0
258,0,6,1656,1,0,0,2,0
478,0,3,380,2,0,3,1,0
754,0,5,1352,0,0,0,4,0
511,0,5,1771,1,0,0,0,1
331,0,6,596,1,0,2,0,1
349,2,7,802,0,0,3,0,1
483,1,2,1095,0,0,0,4,0
189,0,1,696,0,0,0,0,0
608,0,1,1127,2,0,1,0,0
717,0,4,946,1,0,1,0,0
267,0,7,533,0,0,1,0,0
903,0,2,103,0,0,1,0,0
425,0,1,820,2,0,1,1,1
373,0,5,1875,1,0,3,4,1
297,0,8,232,1,0,0,0,0
675,1,2,532,1,0,3,0,0
480,2,1,1537,2,0,3,0,0
779,0,6,192,0,0,2,1,0
575,1,5,1068,2,0,1,0,0
568,0,6,365,0,0,2,4,0
497,0,5,2726,1,0,0,2,0
522,0,4,3051,0,0,2,0,0
640,0,7,667,1,0,0,0,0
523,0,2,187,2,0,2,0,0
648,0,6,1088,1,0,3,4,0
824,1,5,239,0,0,0,0,0
579,0,6,112,0,0,3,1,0
352,0,1,1166,1,0,2,1,0
275,1,4,467,1,0,3,0,0
463,0,4,646,0,0,1,0,0
559,0,7,108,2,0,0,2,0
631,0,5,670,2,0,2,0,0
405,1,4,2179,1,0,0,4,0
406,1,5,1284,1,0,2,0,1
435,1,6,396,0,0,1,1,0
129,0,6,591,0,0,0,1,0
822,0,6,256,0,0,1,0,0
202,0,4,899,2,0,4,2,0
559,0,3,194,2,0,2,0,0
591,0,1,1065,1,0,1,0,0
783,0,1,408,0,0,2,0,0
733,0,2,271,1,0,2,0,0
611,0,6,261,1,0,0,2,0
301,1,5,94,2,0,1,1,1
384,0,3,18,0,0,1,0,0
422,0,7,1605,1,0,0,0,0
755,0,3,0,0,0,2,0,0
346,0,4,258,1,0,1,0,0
424,0,3,265,1,0,1,1,0
491,1,5,168,0,0,0,0,0
1064,1,3,1597,1,0,1,1,1
315,1,3,165,0,0,2,0,0
654,0,5,826,2,0,2,4,0
342,0,7,1701,2,0,1,2,0
706,2,3,724,2,0,1,4,1
918,0,3,36,1,0,0,1,0
454,0,6,213,1,0,1,0,0
495,1,3,371,2,0,3,0,1
598,0,1,457,1,0,0,1,0
656,0,2,1474,2,0,2,0,1
760,0,7,279,1,0,4,1,1
477,0,4,2120,0,0,3,1,0
1148,0,2,406,1,0,2,0,0
924,0,4,138,1,0,3,2,0
482,0,5,1455,2,0,2,0,0
507,1,7,175,2,0,1,0,0
520,1,7,3709,1,0,3,3,0
229,0,3,498,0,0,1,0,0
795,1,3,463,0,0,1,1,0
331,1,6,153,0,0,0,1,0
438,1,3,281,1,0,1,0,0
992,0,2,761,1,0,1,2,0
582,0,1,54,2,0,1,0,0
755,2,3,2236,1,0,2,2,0
503,0,6,183,1,0,2,3,0
338,0,3,174,0,0,0,2,0
663,1,4,296,2,0,2,0,0
547,0,3,895,1,0,1,0,0
877,0,4,513,2,0,0,1,0
666,1,6,2049,1,0,1,1,1
809,0,4,311,0,0,1,2,1
698,0,8,91,2,0,2,2,0
898,0,6,290,2,0,0,0,0
279,0,5,97,0,0,2,1,0
541,0,6,134,2,0,1,4,0
329,0,5,278,0,0,2,0,0
242,0,5,613,0,0,2,0,0
229,0,4,623,0,0,2,1,0
712,0,5,158,0,0,3,1,0
759,0,7,513,0,0,0,0,1
546,0,5,2261,1,0,3,0,0
662,0,3,152,0,0,2,0,0
572,1,2,793,0,0,1,0,0
419,1,4,156,2,0,0,1,0
429,0,6,2122,0,0,1,2,0
846,2,2,59,0,0,2,2,0
369,1,7,1328,0,0,1,0,0
486,1,2,647,0,0,1,0,0
831,0,5,1876,0,0,3,0,0
639,0,1,594,2,0,1,1,0
468,0,4,81,1,0,2,0,0
818,0,3,1638,0,0,1,1,0
291,0,2,45,0,0,2,0,0
457,0,4,388,0,0,1,4,0
463,1,6,438,0,0,1,3,0
474,0,5,613,1,0,2,0,0
247,0,2,1124,2,0,3,0,0
531,0,5,224,1,0,1,4,0
64,0,5,210,0,0,1,1,0
537,0,3,1470,2,0,2,0,0
804,0,8,116,1,0,2,2,0
738,0,4,1910,2,0,2,3,1
770,1,9,1325,0,0,1,2,1
651,1,5,190,2,0,0,1,0
734,0,8,32,0,0,1,2,0
850,0,4,254,2,0,0,1,0
578,0,3,129,2,0,3,0,0
875,0,4,905,0,0,3,2,0
899,0,4,658,0,0,2,0,0
473,0,4,1112,0,0,1,4,0
64,2,8,290,0,0,0,1,0
896,1,4,99,0,0,1,0,0
1000,0,2,964,0,0,2,4,0
199,1,1,3469,0,0,2,0,0
470,1,8,2074,0,0,2,0,0
589,0,6,50,1,0,3,0,0
576,0,4,352,1,0,1,0,0
328,0,2,517,1,0,2,2,0
529,0,3,1260,0,0,1,0,0
646,0,1,148,0,0,2,0,0
738,0,7,223,0,0,2,1,1
421,2,7,395,0,0,0,1,0
634,0,6,233,0,0,4,0,0
537,0,3,552,0,0,1,1,0
414,0,3,1674,2,0,2,0,0
443,0,5,152,0,0,2,0,0
863,0,6,189,1,0,2,0,1
601,0,2,1994,0,0,1,0,1
230,0,7,1409,0,0,0,0,0
723,0,7,359,0,0,3,2,0
746,0,4,2461,0,0,1,0,0
565,0,8,127,0,0,2,0,1
538,1,3,185,0,0,2,0,0
446,0,1,823,1,0,3,1,0
819,0,1,655,1,0,1,0,0
526,1,3,349,2,0,2,0,0
464,0,5,357,0,0,0,0,0
501,0,1,926,0,0,1,0,0
220,0,7,18,0,0,2,4,0
735,0,5,776,0,0,2,2,1
529,0,4,1468,1,0,1,2,0
277,0,1,366,0,0,1,0,0
433,0,1,27,0,0,1,0,1
395,0,3,88,0,0,2,0,0
524,0,3,27,0,0,1,1,0
487,0,6,1032,0,0,2,0,0
338,0,5,835,2,0,1,2,1
733,1,4,588,0,0,1,1,0
345,0,4,460,0,0,4,0,0
580,2,3,733,1,0,2,0,0
433,0,8,573,1,0,2,3,0
426,0,5,526,2,0,2,0,0
578,1,5,74,1,0,1,0,0
582,1,5,1772,0,0,1,0,0
415,1,5,642,2,0,2,0,0
138,0,6,618,0,0,2,0,0
666,0,3,26,2,0,0,2,1
486,1,3,54,1,0,3,0,0
461,0,5,1439,0,0,0,0,0
991,1,3,58,1,0,2,0,0
657,1,3,2133,0,0,3,0,0
400,0,3,1197,1,0,4,2,0
863,0,6,927,0,0,1,0,0
400,0,4,13,2,0,0,0,0
394,1,5,7,2,0,2,4,0
306,1,7,125,2,0,0,0,0
424,0,2,909,2,0,1,0,0
637,0,3,131,2,0,4,0,0
820,0,9,931,1,0,3,1,0
572,0,4,1220,0,0,2,1,0
590,0,1,173,2,0,1,0,0
671,1,1,843,1,0,1,0,0
515,0,4,973,0,0,1,3,0
449,0,2,311,0,0,1,0,0
564,0,5,263,0,0,1,2,0
485,1,5,286,1,0,1,0,0
452,0,4,258,1,0,2,0,1
610,2,4,704,0,0,3,1,0
531,0,4,5334,2,0,2,0,0
408,0,7,2265,0,0,2,0,0
551,0,1,813,0,0,3,3,0
683,1,1,889,0,0,1,1,0
638,0,4,593,2,0,1,2,0
569,0,2,1211,0,0,3,0,0
540,1,2,237,1,0,4,1,0
274,0,10,179,0,0,1,0,0
533,0,5,687,0,0,1,0,0
628,1,4,216,0,0,2,1,0
396,1,4,1308,1,0,0,0,0
376,0,1,37,0,0,1,0,0
366,1,2,2073,2,0,3,0,0
565,0,3,31,0,0,2,0,0
541,1,5,52,0,0,1,3,1
1012,0,3,1094,0,0,0,0,0
384,0,6,1125,1,0,0,2,0
513,1,6,1138,0,0,0,2,0
359,0,4,253,0,0,0,0,1
668,0,6,792,1,0,3,0,0
747,1,4,1629,2,0,1,1,0
621,2,2,1096,2,0,0,4,0
279,0,5,157,1,0,3,0,0
139,0,3,350,1,0,2,0,0
391,1,3,50,0,0,1,1,0
450,0,7,178,0,0,1,0,0
910,0,4,41,0,0,1,0,1
465,0,6,431,1,0,0,0,0
443,0,5,667,0,0,2,1,0
606,1,4,171,0,0,1,0,0
623,0,6,1141,2,0,1,0,0
657,0,4,480,1,0,0,0,1
834,0,3,1669,2,0,1,2,0
505,0,8,782,1,0,3,2,0
561,0,2,497,2,0,0,1,0
746,1,4,294,0,0,1,1,0
508,0,1,850,2,0,3,1,1
494,0,4,682,1,0,3,0,0
295,0,1,181,0,0,4,0,0
321,0,3,577,1,0,2,1,0
403,0,10,616,1,0,1,0,0
395,1,5,399,2,0,1,0,0
561,0,7,562,2,0,0,2,0
492,0,4,390,2,0,2,2,0
641,0,3,256,0,0,1,2,0
512,1,2,362,0,0,2,3,0
114,0,6,720,0,0,1,0,1
558,0,4,301,1,0,1,0,0
509,0,5,578,2,0,0,0,0
514,0,1,113,0,0,0,0,0
381,0,6,707,0,0,2,2,1
588,1,3,1933,1,0,0,1,0
685,1,7,101,1,0,1,2,0
430,0,6,708,0,0,1,1,0
296,0,1,531,1,0,2,1,0
106,1,4,605,0,0,2,1,0
493,0,2,709,1,0,1,0,0
594,0,6,190,0,0,1,1,0
673,0,3,954,1,0,2,0,0
449,0,1,2028,0,0,2,1,0
592,0,2,2045,1,0,3,1,1
879,0,4,1816,0,0,2,3,0
343,0,5,1431,1,0,0,0,0
476,1,4,638,0,0,2,0,0
571,0,4,3826,2,0,1,0,0
197,0,3,452,0,0,2,1,1
477,0,3,596,2,0,1,1,0
396,0,5,647,0,0,0,0,0
425,0,3,1630,2,0,1,1,0
604,0,2,1237,2,0,0,0,0
544,1,5,103,0,0,2,4,0
64,0,4,911,2,0,1,2,0
828,1,4,293,0,0,1,3,0
422,0,5,78,1,0,2,3,0
409,0,3,341,1,0,1,0,0
513,0,4,575,1,0,3,0,0
409,0,3,498,0,0,0,0,0
517,0,4,1314,2,0,3,0,0
475,1,1,25,0,0,1,2,0
636,0,5,1000,0,0,2,0,0
469,1,6,652,0,0,0,0,1
525,2,6,432,0,0,0,0,0
116,0,4,1080,0,0,0,1,0
733,0,6,1396,1,0,1,0,0
456,0,5,1117,1,0,0,2,0
541,0,6,995,1,0,4,2,0
433,0,7,1260,0,0,2,0,0
625,1,4,214,2,0,0,0,0
622,1,1,1272,0,0,2,0,0
154,1,1,889,2,0,1,0,0
729,1,5,527,1,0,3,2,0
64,0,4,474,1,0,0,4,0
257,0,3,1299,0,0,2,0,0
819,1,3,232,0,0,1,0,0
610,1,3,495,1,0,2,0,0
424,1,5,320,2,0,0,0,0
861,0,3,710,0,0,2,0,0
219,0,3,779,0,0,3,2,0
445,0,4,2321,2,0,1,1,0
754,1,1,276,0,0,1,1,1
64,0,2,563,0,0,1,0,0
429,0,3,856,0,0,3,1,0
555,1,3,920,1,0,1,0,1
111,0,4,828,1,0,0,0,0
703,1,4,947,1,0,0,0,0
162,1,4,329,2,0,0,0,0
581,0,3,1497,2,0,1,2,0
800,0,1,3830,2,0,1,0,0
253,0,4,464,0,0,3,0,0
327,0,1,38,0,0,3,0,0
601,0,1,3321,1,0,1,0,0
720,0,1,837,1,0,3,0,0
435,0,2,412,0,0,1,2,0
492,1,5,939,2,0,2,1,0
606,1,9,355,0,0,2,0,0
496,0,3,1705,1,0,2,4,0
284,0,3,951,0,0,5,1,0
935,0,1,82,2,0,0,0,0
64,1,3,21,2,0,1,0,0
482,1,4,390,0,0,1,1,0
302,1,2,1368,2,0,1,1,1
548,0,3,298,2,0,0,0,0
274,0,1,267,0,0,1,1,0
441,0,1,195,1,0,5,1,1
515,1,5,2283,1,0,3,0,0
784,0,3,23,0,0,3,0,0
376,1,6,490,2,0,1,3,0
644,1,3,677,0,0,2,0,0
608,0,4,3219,2,0,1,0,0
461,0,3,1196,2,0,1,2,0
490,1,5,626,1,0,1,1,0
643,0,5,932,1,0,2,2,0
693,0,2,529,1,0,1,0,0
667,0,5,219,0,0,2,3,0
567,0,3,1048,1,0,2,0,0
571,0,6,1509,0,0,1,0,0
235,0,1,779,0,0,2,2,0
744,0,4,46,0,0,1,0,1
389,0,4,367,1,0,3,0,0
583,2,8,98,0,0,1,0,0
599,0,4,985,0,0,0,1,0
759,0,7,804,2,0,1,1,0
479,0,1,784,1,0,0,0,0
235,0,3,755,0,0,3,0,0
492,0,7,904,2,0,1,4,1
845,0,3,1797,2,0,2,0,1
357,0,1,522,0,0,4,2,0
938,0,7,909,2,0,2,0,0
308,1,5,25,0,0,3,2,1
498,0,2,2354,2,0,1,0,0
110,1,9,1240,0,0,1,0,0
64,1,5,741,0,0,1,0,1
554,0,4,460,0,0,1,0,0
658,0,5,734,2,0,2,3,0
472,2,4,1453,0,0,4,0,0
473,1,3,2122,0,0,1,0,0
340,0,2,1247,0,0,2,0,1
834,0,2,1221,0,0,1,1,1
320,0,2,1217,1,0,1,0,0
423,0,4,2061,0,0,0,1,0
186,0,1,230,0,0,0,0,1
620,0,3,667,0,0,2,0,0
64,0,2,308,0,0,1,0,0
339,0,4,1632,0,0,1,0,0
394,1,4,37,1,0,1,3,1
714,0,7,554,1,0,2,1,0
626,0,1,18,1,0,3,0,0
302,0,5,311,2,0,2,2,0
496,0,6,68,1,0,0,0,0
233,0,6,1568,0,0,2,0,0
433,1,4,813,0,0,0,0,0
546,1,4,1039,0,0,2,0,0
548,0,7,192,0,0,1,1,0
64,0,3,6888,0,0,2,0,1
614,0,5,1872,1,0,2,0,0
452,1,6,803,2,0,1,2,0
494,0,8,139,0,0,3,2,0
1051,0,3,411,1,0,2,0,0
402,0,5,105,2,0,3,2,0
431,1,3,617,1,0,1,4,0
750,2,3,1226,2,0,2,0,1
621,0,4,505,0,0,1,0,0
313,1,4,2018,0,0,2,0,0
610,1,1,958,1,0,1,1,0
762,0,3,1023,0,0,3,2,0
519,0,5,1062,1,0,2,4,0
446,0,3,9,1,0,1,0,0
515,0,7,336,0,0,2,0,1
843,0,7,1109,0,0,4,0,0
426,0,3,882,0,0,4,0,0
707,1,2,2286,0,0,3,1,0
284,1,1,1227,2,0,1,0,0
151,0,4,1266,1,0,2,0,0
146,1,5,261,0,0,5,4,0
263,1,2,1137,0,0,3,0,0
695,1,1,989,0,0,2,1,0
335,0,10,1091,2,0,2,2,0
632,0,5,36,0,0,2,0,0
477,1,3,1177,0,0,1,0,0
1007,0,5,2766,1,0,0,3,0
629,0,5,242,1,0,4,0,1
453,1,4,3290,0,0,1,2,0
398,0,7,608,1,0,1,3,0
411,0,6,192,1,0,2,4,0
427,0,3,902,0,0,3,0,0
207,1,3,614,0,0,1,0,0
109,1,3,826,2,0,2,2,0
299,1,1,459,0,0,1,0,0
269,1,5,726,2,0,2,0,0
591,0,4,1398,2,0,3,4,0
461,1,2,1324,1,0,0,1,0
517,0,5,39,1,0,1,1,0
474,1,3,2246,0,0,0,0,0
463,1,3,90,0,0,1,0,0
512,0,2,60,0,0,3,0,1
248,1,5,3452,0,0,1,0,0
513,0,5,39,0,0,0,0,0
626,0,6,1088,0,0,2,0,0
430,1,1,994,0,0,1,1,1
373,0,3,1174,1,0,1,1,0
915,0,3,1065,1,0,2,0,0
204,1,3,1103,0,0,0,1,0
64,0,2,622,1,0,0,2,0
302,0,5,25,2,0,2,0,0
689,0,7,1210,1,0,1,0,0
456,0,6,779,0,0,1,0,0
482,0,3,1537,1,0,1,0,0
741,0,4,578,1,0,3,2,0
536,1,4,257,0,0,1,2,0
475,1,5,773,0,0,2,0,0
585,0,6,358,1,0,3,0,0
279,0,1,109,0,0,0,0,0
575,0,10,331,0,0,2,0,0
620,0,2,2063,0,0,0,0,0
635,1,4,373,0,0,2,0,0
513,0,2,777,0,0,3,0,1
450,0,1,752,1,0,1,1,0
362,0,5,996,0,0,1,2,1
508,0,6,490,0,0,2,0,0
419,1,6,230,0,0,2,0,0
569,1,2,709,0,0,1,2,0
644,1,7,58,1,0,2,0,0
568,0,5,1138,2,0,0,0,0
733,0,3,252,0,0,1,0,0
615,1,5,1173,0,0,2,0,1
433,0,4,579,0,0,1,1,0
310,2,3,1076,2,0,3,1,0
1014,1,6,258,1,0,2,3,0
561,0,4,1349,1,0,1,0,0
404,0,5,1005,2,0,3,0,1
472,0,2,27,1,0,1,0,0
186,0,3,124,1,0,0,1,1
697,0,2,841,0,0,3,1,0
346,0,5,760,2,0,1,2,1
637,0,3,1161,0,0,2,0,0
620,0,2,375,0,0,3,1,0
587,0,2,545,0,0,1,0,0
674,1,4,134,2,0,3,2,0
329,0,8,280,1,0,2,0,0
546,2,5,38,0,0,2,0,0
346,0,4,452,0,0,1,0,0
342,0,2,2409,1,0,2,1,0
547,0,3,1500,1,0,3,3,0
1098,2,4,40,0,0,2,2,0
352,0,2,493,1,0,1,2,0
549,0,6,1494,1,0,1,0,0
721,0,3,469,1,0,0,0,1
832,0,5,1941,0,0,1,1,0
439,1,3,462,0,0,2,0,0
303,1,5,633,0,0,1,0,0
546,1,6,746,0,0,0,4,0
222,0,1,377,2,0,1,0,0
625,0,4,306,0,0,2,1,1
166,0,3,49,0,0,2,0,1
196,0,2,537,0,0,4,0,0
842,1,3,2407,0,0,0,4,0
318,0,1,179,0,0,5,0,0
434,0,2,133,2,0,1,2,1
658,0,3,364,1,0,1,0,0
927,1,1,110,0,0,1,2,1
552,1,2,51,1,0,0,0,0
362,0,2,1414,2,0,1,0,0
541,0,3,238,1,0,2,2,0
630,0,5,1268,0,0,2,0,0
280,0,3,391,2,0,1,0,0
406,0,4,86,0,0,1,0,1
690,1,4,146,0,0,2,0,0
428,0,3,75,1,0,0,1,1
533,0,7,661,1,0,2,2,0
475,0,5,94,0,0,1,2,0
320,0,2,258,2,0,0,1,0
891,0,2,891,0,0,4,2,0
576,0,1,95,0,0,2,0,1
212,0,3,433,2,0,1,1,1
567,0,3,916,1,0,2,1,0
356,1,1,379,1,0,3,2,0
800,0,3,834,0,0,1,3,0
553,0,6,379,0,0,2,0,0
679,0,6,28,0,0,2,0,0
452,1,4,129,0,0,3,1,0
1088,1,6,194,0,0,0,0,1
793,0,1,142,0,0,1,0,0
478,0,4,1795,0,0,0,4,0
390,1,5,669,1,0,2,2,1
578,2,1,14,0,0,0,0,1
649,0,2,581,0,0,3,4,0
519,0,6,462,1,0,2,1,0
462,0,5,1541,0,0,2,0,0
404,1,2,1390,2,0,1,0,0
379,0,1,447,1,0,0,0,0
196,1,2,38,1,0,0,1,0
278,0,8,354,0,0,2,1,0
493,1,2,148,1,0,2,0,0
728,1,4,147,1,0,3,2,0
918,0,1,785,1,0,2,2,0
252,1,2,1546,1,0,0,2,0
691,0,1,2056,1,0,1,1,0
680,1,8,593,2,0,1,0,0
432,0,5,1351,1,0,1,0,1
573,0,3,1376,1,0,3,4,0
1017,0,2,320,0,0,1,0,1
1021,0,5,2315,0,0,3,3,0
608,1,3,100,2,0,1,0,1
430,2,9,30,0,0,3,0,1
477,0,5,59,0,0,1,2,0
378,0,4,541,0,0,3,0,1
239,0,2,2538,0,0,1,1,0
757,0,3,17,2,0,2,4,0
282,0,5,418,0,0,3,2,0
528,0,5,1115,0,0,1,0,0
477,0,5,39,1,0,0,0,0
463,0,8,2193,1,0,0,0,0
450,0,1,151,0,0,0,4,0
195,1,4,2063,0,0,0,1,0
569,0,6,548,0,0,2,0,0
315,0,2,706,0,0,4,2,1
751,1,4,72,1,0,2,1,1
432,0,3,2196,1,0,2,2,0
67,0,2,791,1,0,1,2,0
781,0,8,1870,1,0,1,0,0
480,0,6,1310,2,0,1,1,0
197,1,4,146,2,0,3,2,0
479,1,6,132,1,0,2,2,0
408,0,6,743,2,0,2,2,0
401,0,5,1916,0,0,2,0,0
307,0,6,602,2,0,3,1,0
693,0,6,1039,1,0,3,2,0
215,0,2,383,0,0,0,0,0
438,0,5,258,0,0,0,2,0
275,1,6,2181,1,0,2,0,0
574,0,3,861,1,0,0,1,0
630,1,6,4686,0,0,0,0,0
677,2,1,2190,2,0,2,2,0
924,1,6,1667,0,0,2,0,0
558,0,3,1153,0,0,3,1,1
199,2,1,87,0,0,3,0,0
685,0,3,2498,0,0,1,1,0
632,0,2,886,0,0,1,2,0
431,0,2,89,0,0,2,2,0
665,0,3,3,0,0,2,0,0
578,1,5,469,1,0,1,2,0
714,0,2,171,0,0,1,0,0
477,1,2,763,0,0,2,3,1
428,0,2,573,1,0,1,2,0
544,0,3,1043,1,0,3,0,1
326,0,3,221,2,0,1,0,0
839,1,2,885,1,0,2,0,0
817,0,7,906,2,0,1,0,0
449,1,4,48,2,0,3,0,0
658,0,3,869,0,0,1,0,0
363,0,7,262,0,0,3,2,0
809,0,3,544,0,0,1,0,0
476,0,3,196,1,0,0,0,0
180,0,6,480,1,0,2,0,0
430,1,3,855,0,0,1,0,0
586,0,8,1035,1,0,2,0,0
827,1,7,314,1,0,0,4,0
680,0,8,3539,2,0,2,1,0
737,0,4,56,0,0,2,0,0
505,1,3,433,0,0,1,0,0
685,0,8,1086,1,0,0,0,0
324,0,1,1903,0,0,0,3,0
678,1,2,906,0,0,2,0,0
581,1,4,45,0,0,2,0,0
710,2,3,113,0,0,1,2,0
481,0,3,628,0,0,0,1,0
517,0,3,1663,0,0,2,0,1
223,0,5,103,0,0,2,0,0
269,0,4,527,1,0,1,2,0
436,1,4,1237,1,0,0,2,0
326,1,3,159,1,0,2,0,0
929,1,1,749,0,0,1,0,0
507,0,1,868,2,0,1,1,0
607,0,2,82,0,0,0,0,0
518,0,3,274,0,0,1,1,0
481,0,5,217,0,0,2,1,0
477,2,5,352,1,0,2,0,0
64,0,4,1553,0,0,2,0,0
579,0,3,641,0,0,0,4,0
736,0,3,1559,2,0,2,0,0
610,0,1,389,2,0,4,0,0
710,1,4,204,0,0,1,0,0
586,0,5,893,0,0,1,2,0
701,0,5,571,0,0,2,1,0
570,1,5,1098,0,0,2,0,1
594,0,1,344,0,0,1,0,1
598,0,4,16,0,0,1,2,0
288,1,5,300,0,0,1,0,0
320,0,5,1122,0,0,1,0,0
467,0,3,1308,0,0,3,2,0
790,0,6,105,2,0,3,0,1
752,0,3,334,1,0,0,0,0
912,2,2,1338,0,0,1,0,0
588,0,3,586,1,0,1,0,1
637,0,4,698,2,0,3,0,0
684,0,6,5,2,0,2,4,0
165,1,4,102,0,0,1,1,0
640,1,3,448,1,0,2,2,1
123,2,3,598,1,0,1,0,0
277,1,3,427,0,0,2,0,0
277,0,9,806,1,0,2,2,1
778,0,3,69,0,0,0,0,0
441,0,5,509,2,0,3,0,0
813,1,5,643,0,0,2,0,0
386,1,4,1111,2,0,2,2,0
351,0,3,764,0,0,0,1,0
694,1,3,863,0,0,1,4,0
1097,0,7,461,1,0,1,2,0
844,0,4,27,1,0,2,0,0
481,0,2,684,1,0,0,2,1
735,0,3,476,0,0,2,0,0
475,0,8,628,0,0,1,0,1
307,0,3,570,0,0,0,4,0
803,0,3,226,1,0,0,2,1
485,0,5,490,0,0,2,0,0
371,1,7,2419,0,0,1,0,0
514,0,2,236,0,0,2,1,0
673,1,4,248,2,0,0,3,0
404,1,2,207,2,0,0,4,0
276,0,2,768,2,0,1,3,0
705,0,2,973,0,0,2,2,0
601,1,4,1553,2,0,2,2,0
450,0,6,1430,2,0,2,1,1
621,0,2,179,2,0,2,0,0
318,0,3,517,2,0,1,2,0
486,0,3,994,0,0,2,1,0
963,1,2,837,1,0,2,4,0
500,0,3,825,0,0,2,2,0
250,0,5,1490,0,0,0,0,0
292,0,5,588,2,0,1,0,1
750,0,5,663,0,0,1,4,0
449,0,3,60,0,0,1,0,0
463,1,1,315,1,0,1,0,1
301,0,3,31,1,0,2,3,0
664,0,3,716,1,0,1,0,0
719,1,2,1395,0,0,1,2,1
308,1,2,1051,0,0,1,0,0
617,1,11,137,1,0,0,0,0
819,1,3,234,0,0,2,0,0
244,0,4,520,0,0,1,0,0
382,0,1,24,0,0,1,0,0
798,0,4,421,0,0,2,3,0
731,0,2,1,0,0,2,0,0
544,0,4,4256,0,0,1,0,0
416,0,4,891,0,0,2,2,0
397,0,3,661,0,0,2,0,1
538,1,6,1588,1,0,2,0,0
196,0,3,789,0,0,1,0,0
501,0,4,1878,1,0,2,1,0
851,1,6,158,0,0,1,2,0
724,1,4,638,2,0,2,2,0
150,0,4,1190,2,0,1,0,0
589,1,2,402,1,0,2,0,0
773,0,3,54,0,0,1,2,0
688,0,4,665,0,0,0,1,0
524,2,5,106,0,0,1,0,0
307,1,2,356,2,0,1,0,0
508,0,5,203,2,0,2,0,0
631,0,1,3499,0,0,2,0,0
305,0,4,1627,0,0,2,0,0
760,1,4,183,2,0,3,0,0
591,1,5,407,0,0,0,0,0
604,0,3,70,0,0,1,0,0
252,1,3,164,1,0,1,2,0
434,1,1,572,2,0,3,0,0
573,1,5,748,0,0,3,0,0
619,1,5,216,0,0,2,0,0
528,0,2,1196,1,0,2,1,0
431,0,6,35,0,0,1,2,0
869,1,2,490,2,0,1,4,0
566,1,1,1156,0,0,3,0,0
475,0,4,115,0,0,0,3,0
343,1,4,1180,0,0,3,1,1
307,1,4,1094,1,0,2,0,0
467,0,4,613,2,0,4,3,0
395,0,6,353,2,0,2,3,0
615,0,3,2271,0,0,1,2,1
525,1,3,788,2,0,1,0,0
351,0,1,651,0,0,0,2,0
696,0,6,323,0,0,1,0,1
374,0,7,159,2,0,0,0,0
284,1,6,648,0,0,0,1,0
286,0,4,598,0,0,2,4,0
639,0,6,464,0,0,0,0,0
211,0,4,787,0,0,1,4,0
453,0,4,399,1,0,2,4,0
657,0,6,1836,2,0,3,0,0
637,0,4,61,0,0,3,1,0
565,0,1,51,2,0,0,0,0
632,1,4,158,0,0,2,0,0
305,0,3,638,2,0,1,2,0
466,0,2,332,2,0,1,0,0
709,0,4,830,2,0,1,0,0
470,0,5,915,2,0,1,0,0
388,1,1,1683,0,0,2,0,0
410,2,1,558,1,0,3,3,0
477,0,3,1435,0,0,1,0,0
330,0,2,122,0,0,0,1,0
1039,0,6,457,1,0,2,0,1
413,1,8,129,0,0,3,0,0
614,1,8,803,2,0,1,0,0
87,1,1,167,0,0,2,0,0
505,0,2,1058,0,0,2,0,0
530,0,5,1169,1,0,2,0,0
573,2,2,220,1,0,2,0,0
182,0,5,2274,1,0,3,1,0
674,1,8,1802,0,0,1,0,0
370,2,2,816,0,0,1,2,0
771,1,4,1319,1,0,4,0,0
541,2,1,747,0,0,1,0,0
458,1,10,503,0,0,1,4,1
439,1,5,262,2,0,1,2,0
301,1,3,119,1,0,3,2,0
655,0,7,16,2,0,4,2,0
557,0,5,681,1,0,3,0,0
453,0,5,532,0,0,1,2,0
475,1,5,210,0,0,1,0,0
462,1,5,259,1,0,3,0,0
431,0,6,1150,0,0,1,0,0
104,0,8,148,2,0,1,4,0
493,1,4,324,1,0,1,3,0
379,0,9,662,0,0,1,1,1
407,0,4,51,1,0,0,4,0
464,0,5,664,2,0,4,2,0
627,1,4,337,2,0,1,0,0
168,0,4,83,0,0,2,0,0
601,1,10,59,1,0,2,4,1
799,0,2,1030,1,0,1,1,0
409,0,5,350,1,0,1,2,0
561,1,4,64,0,0,1,1,0
297,0,2,460,1,0,0,0,1
589,0,5,760,0,0,2,1,0
230,0,2,1043,0,0,1,0,1
1115,0,3,854,0,0,0,0,1
511,1,4,67,1,0,2,0,0
64,0,3,95,0,0,0,0,0
756,1,5,549,0,0,0,4,0
483,0,3,1564,0,0,2,3,1
354,0,2,830,0,0,1,2,0
789,0,3,3119,1,0,3,0,0
682,0,3,40,2,0,1,2,0
1073,1,4,3046,2,0,0,0,0
729,2,6,1772,0,0,2,4,0
671,0,2,1324,0,0,1,0,0
448,0,4,1311,0,0,0,0,0
300,1,5,1240,2,0,1,0,0
602,0,3,536,1,0,1,0,0
562,0,1,205,2,0,1,0,0
299,1,6,756,2,0,2,0,0
582,0,4,1900,2,0,2,0,1
142,0,4,117,1,0,1,1,0
489,0,6,231,0,0,3,1,0
652,1,5,323,0,0,0,2,0
521,0,1,1115,2,0,1,2,0
537,0,6,1569,0,0,4,1,1
629,0,2,1253,0,0,0,0,1
249,0,4,302,0,0,2,2,0
296,1,3,548,1,0,1,2,0
415,1,3,261,1,0,1,0,0
467,0,4,281,1,0,2,1,0
371,0,5,407,0,0,3,1,0
634,0,8,21,2,0,2,2,0
394,0,2,321,1,0,2,0,0
792,0,3,408,0,0,3,0,0
410,2,4,785,1,0,1,0,1
434,0,4,1003,0,0,3,0,0
432,0,3,522,1,0,2,4,0
618,0,5,1591,2,0,2,2,1
315,0,8,401,1,0,2,0,0
582,0,12,848,1,0,1,2,0
837,0,4,1321,1,0,4,1,0
431,0,5,1169,0,0,2,0,0
271,0,2,527,0,0,0,0,0
667,0,1,149,1,0,2,0,1
463,1,5,990,2,0,1,0,1
240,0,4,86,0,0,0,4,0
422,0,3,166,0,0,2,2,0
496,0,4,773,2,0,4,0,0
556,1,4,582,0,0,1,0,0
444,1,4,376,0,0,1,0,0
566,0,6,346,0,0,1,0,0
519,0,3,418,0,0,2,2,1
403,1,7,1606,0,0,1,0,0
801,0,7,1166,1,0,2,1,0
283,0,2,314,0,0,1,1,1
178,0,3,11,0,0,1,1,1
592,0,1,234,2,0,2,1,0
252,0,3,140,0,0,2,2,0
301,1,2,1071,0,0,2,0,0
502,0,6,115,2,0,2,0,0
64,0,5,287,2,0,1,3,1
269,2,5,869,0,0,1,2,0
391,0,3,284,2,0,2,0,0
780,0,1,986,0,0,1,3,0
404,0,5,1405,2,0,2,0,0
495,1,6,1029,0,0,2,0,0
675,0,5,143,1,0,1,2,1
444,1,6,1516,0,0,2,0,0
604,0,2,333,2,0,2,0,0
428,0,2,131,0,0,0,0,1
279,0,1,278,1,0,0,2,1
590,0,6,1514,1,0,1,1,0
437,0,2,232,0,0,1,0,0
664,0,3,90,0,0,1,0,0
320,0,4,274,0,0,2,0,0
818,0,6,34,2,0,1,0,0
691,0,6,406,1,0,2,2,0
448,0,5,436,0,0,2,0,0
570,0,5,1791,0,0,0,2,0
671,2,2,0,1,0,2,0,0
494,0,4,427,1,0,1,0,0
529,0,6,191,1,0,1,2,0
661,0,4,539,0,0,3,1,1
639,0,3,1402,0,0,0,0,0
551,0,5,211,0,0,0,3,0
727,0,2,998,0,0,2,0,0
660,0,5,325,2,0,1,0,0
454,0,5,331,0,0,2,0,0
381,0,1,2797,1,0,2,0,0
631,1,5,357,0,0,2,0,0
865,0,6,2242,1,0,2,0,0
550,2,4,374,0,0,1,0,0
388,1,2,249,0,0,0,0,0
504,1,4,706,1,0,2,3,1
588,0,3,792,2,0,3,0,0
280,0,1,998,1,0,3,2,0
170,0,2,1362,0,0,3,1,1
64,0,8,571,0,0,1,0,0
919,0,2,744,0,0,0,2,0
479,0,4,1152,0,0,3,0,0
591,0,4,1826,1,0,3,0,0
588,1,3,132,1,0,2,0,1
499,1,3,329,2,0,2,3,0
443,1,2,185,0,0,1,2,0
552,0,6,1150,1,0,0,2,0
64,0,4,1696,0,0,2,1,0
905,0,2,7,1,0,1,0,0
675,0,4,36,1,0,2,0,0
693,0,4,149,1,0,2,1,0
97,0,5,230,1,0,1,2,0
755,0,6,356,2,0,1,0,0
220,0,2,1202,0,0,2,0,0
586,0,4,70,2,0,3,0,0
621,0,1,114,2,0,0,4,0
646,0,6,31,1,0,1,0,0
240,0,4,2425,1,0,2,0,0
784,1,2,420,1,0,1,1,1
978,0,7,1202,2,0,0,2,0
454,2,2,14,1,0,2,4,1
421,2,4,1069,0,0,1,0,0
839,1,4,158,0,0,0,0,0
410,1,5,109,1,0,2,0,0
147,0,1,1062,0,0,1,1,0
193,0,4,593,0,0,2,0,0
859,1,5,609,2,0,1,3,0
427,0,3,750,0,0,2,2,0
456,0,2,495,1,0,0,0,0
378,0,6,658,0,0,0,0,0
361,0,4,324,2,0,0,3,0
174,0,5,137,1,0,3,2,0
724,0,3,862,0,0,2,0,1
447,1,8,530,1,0,1,2,0
812,0,4,384,0,0,0,4,1
611,1,4,494,2,0,0,2,0
639,0,8,392,0,0,3,0,0
339,0,3,1213,1,0,1,0,0
370,0,6,976,2,0,1,0,1
669,0,6,182,1,0,0,2,1
453,0,2,44,1,0,0,0,0
461,0,3,227,0,0,1,0,0
314,0,6,647,1,0,1,1,0
339,1,5,1,1,0,1,4,1
262,0,9,220,2,0,2,2,0
64,0,3,902,0,0,4,0,1
544,1,4,1229,2,0,0,4,0
453,0,4,3529,2,0,3,0,1
655,0,1,423,1,0,0,0,0
64,0,5,1293,1,0,2,0,0
234,1,6,1580,0,0,2,0,0
593,1,2,655,1,0,1,1,0
435,0,6,1409,1,0,2,2,0
228,1,8,157,0,0,2,3,1
299,2,5,759,0,0,1,0,0
201,0,3,502,0,0,2,4,0
647,0,5,1348,1,0,3,2,0
229,0,1,540,1,0,2,2,0
623,1,3,1551,2,0,3,2,0
496,0,3,130,2,0,0,0,0
515,0,2,1333,0,0,3,0,0
395,0,3,1012,2,0,1,0,0
199,0,1,456,2,0,1,0,0
285,0,3,572,2,0,2,4,1
879,0,11,48,0,0,4,2,0
500,0,7,1635,0,0,2,0,0
579,0,4,193,2,0,3,0,0
539,0,2,1663,0,0,2,3,0
518,1,8,119,1,0,3,0,1
403,0,4,335,1,0,2,0,1
688,1,2,25,1,0,2,0,0
712,0,2,712,0,0,2,0,0
281,0,7,498,0,0,1,1,0
356,1,5,7,0,0,3,1,1
401,0,4,365,1,0,2,1,0
657,0,5,612,0,0,1,3,0
348,0,2,173,1,0,3,0,0
378,0,3,942,0,0,3,0,0
369,0,3,1371,0,0,1,0,0
604,1,2,1186,2,0,1,3,0
741,1,6,873,0,0,2,0,0
163,0,5,26,0,0,1,0,0
825,0,4,635,0,0,3,3,0
628,0,3,390,0,0,1,0,0
744,1,6,935,2,0,3,1,0
255,0,5,768,1,0,2,0,1
860,1,4,266,1,0,3,0,0
440,1,5,60,1,0,1,0,0
670,0,4,361,2,0,0,3,0
246,1,4,582,2,0,2,2,0
544,0,6,722,1,0,1,3,0
259,0,1,52,0,0,2,0,0
737,0,2,2064,0,0,1,0,0
233,0,1,335,0,0,3,0,0
554,0,2,749,2,0,1,0,1
273,0,10,1209,2,0,3,1,0
587,0,3,492,2,0,3,0,0
773,1,4,65,2,0,2,1,1
605,0,1,2298,1,0,0,1,0
719,1,5,2950,1,0,0,0,0
510,0,4,154,0,0,4,0,0
426,1,7,1088,1,0,1,2,0
328,0,8,1048,0,0,1,4,1
716,0,6,1057,0,0,0,0,0
747,2,2,2113,1,0,1,2,0
729,1,1,670,2,0,0,4,0
218,0,2,1438,2,0,1,3,0
619,0,4,35,0,0,1,2,1
516,2,5,595,1,0,1,0,0
643,0,3,285,1,0,3,0,0
543,0,3,1684,2,0,2,4,1
312,1,5,1089,2,0,0,2,0
388,0,4,614,0,0,1,0,0
461,0,6,1932,1,0,4,0,0
742,0,3,1019,0,0,3,0,0
603,0,1,614,0,0,2,0,0
433,1,2,469,1,0,3,3,0
64,1,3,201,2,0,3,2,1
270,1,1,195,1,0,1,3,0
673,0,4,520,0,0,1,2,0
421,0,4,465,1,0,1,1,0
453,1,10,457,0,0,1,0,0
550,0,8,20,0,0,2,0,0
249,0,1,1049,1,0,3,1,0
503,1,9,2388,0,0,0,0,0
789,0,4,995,0,0,1,1,1
218,0,3,1267,0,0,3,0,0
493,1,1,4282,1,0,1,4,0
347,0,4,236,2,0,0,2,0
497,0,2,999,1,0,2,4,0
455,0,3,644,1,0,2,4,0
307,2,2,2373,0,0,2,0,1
596,0,2,497,0,0,2,0,0
351,0,7,99,0,0,2,2,0
472,1,5,333,0,0,1,0,0
792,0,2,633,0,0,1,0,0
473,0,1,1386,1,0,3,1,0
358,1,4,437,1,0,0,0,0
141,0,4,476,1,0,3,4,0
200,0,5,1224,2,0,2,0,0
579,0,2,1355,0,0,3,3,0
666,0,6,94,2,0,2,2,0
209,2,1,1197,0,0,1,0,0
468,0,4,427,1,0,1,4,0
802,1,4,1400,1,0,1,0,0
320,0,3,976,1,0,0,0,0
505,1,5,191,0,0,1,3,0
439,0,6,195,0,0,2,0,0
536,0,5,597,0,0,1,0,0
830,1,4,107,0,0,3,0,0
162,0,1,12,0,0,1,0,0
629,0,3,75,1,0,2,0,0
473,1,2,428,0,0,1,0,0
367,0,3,848,1,0,0,0,0
398,0,5,1181,1,0,0,0,0
716,1,4,262,2,0,4,0,1
464,0,5,810,1,0,3,0,0
378,0,5,54,0,0,1,1,0
171,1,6,493,1,0,3,1,0
477,0,5,2831,0,0,0,1,0
618,0,4,5983,0,0,3,0,0
596,0,6,102,0,0,2,2,1
64,0,1,354,0,0,1,0,0
421,0,8,216,0,0,2,0,0
466,0,4,131,0,0,1,0,0
244,0,3,27,1,0,2,0,0
476,1,5,1581,0,0,1,0,0
298,1,5,374,1,0,0,0,0
713,0,6,481,0,0,2,0,0
166,0,1,1060,0,0,3,1,0
651,0,5,5109,0,0,1,2,0
463,1,6,1092,1,0,0,0,1
598,0,3,283,1,0,1,0,1
698,2,5,603,1,0,2,1,0
958,1,2,637,1,0,2,2,0
522,0,5,2058,0,0,2,2,1
937,0,3,1642,1,0,4,2,0
296,1,2,61,0,0,2,2,0
483,0,2,594,0,0,0,0,0
104,0,5,547,0,0,1,1,0
748,0,8,343,0,0,0,2,0
740,1,6,486,0,0,2,0,0
493,2,5,40,0,0,1,1,1
349,0,2,192,2,0,0,1,0
510,0,2,31,0,0,0,0,0
140,1,3,452,0,0,2,2,0
506,0,6,173,0,0,0,0,0
489,0,1,2108,2,0,3,0,0
455,0,2,163,0,0,1,0,0
513,0,3,654,0,0,1,2,0
262,0,3,21,0,0,4,1,0
684,0,7,830,0,0,1,0,0
969,0,9,617,0,0,2,0,1
650,1,3,322,0,0,2,0,0
354,0,4,331,1,0,2,2,0
533,0,2,117,0,0,2,1,0
482,1,1,2298,1,0,5,0,0
382,0,3,359,1,0,1,0,0
924,0,8,1196,2,0,1,0,0
277,0,3,217,1,0,1,0,0
430,0,2,427,0,0,2,2,0
863,0,8,587,2,0,2,1,0
230,0,3,1303,0,0,1,1,0
422,0,1,881,2,0,2,3,0
334,0,4,5443,0,0,1,2,0
646,1,4,463,1,0,3,0,0
440,1,2,3663,0,0,0,2,0
352,1,3,410,0,0,1,1,0
589,0,1,28,1,0,1,0,0
424,0,3,820,0,0,3,0,0
608,0,3,1382,0,0,2,2,1
472,0,4,199,0,0,3,0,0
261,1,3,92,0,0,2,0,0
100,1,5,330,1,0,1,0,0
637,1,6,968,0,0,1,0,0
295,0,9,1698,0,0,2,1,0
578,1,1,857,0,0,2,0,0
362,0,1,622,1,0,2,1,0
621,0,2,648,0,0,3,0,0
380,1,7,401,0,0,4,0,1
640,0,2,112,0,0,1,0,0
692,1,2,1513,1,0,1,0,0
487,2,5,426,1,0,3,0,0
86,2,4,283,2,0,3,1,0
509,2,6,793,0,0,2,2,0
513,0,9,56,1,0,1,0,0
479,1,2,317,0,0,1,0,0
251,1,5,845,1,0,1,1,0
315,0,6,1252,0,0,0,3,0
532,1,2,83,2,0,4,0,0
855,0,7,466,0,0,0,0,0
64,0,4,514,2,0,1,2,0
191,1,2,478,1,0,1,0,1
327,0,3,205,2,0,4,0,0
836,0,1,502,0,0,1,1,0
471,1,3,1093,2,0,2,0,0
136,1,6,718,0,0,1,2,0
511,0,3,2048,0,0,3,1,0
447,1,3,257,0,0,0,2,1
306,1,7,141,0,0,1,1,0
664,0,5,498,2,0,1,1,0
504,1,5,1479,1,0,2,3,0
377,1,6,1985,0,0,3,2,0
459,0,3,905,0,0,2,1,1
73,0,6,31,0,0,1,0,0
64,0,4,5090,0,0,2,0,0
341,1,6,90,1,0,1,1,0
350,0,5,884,2,0,1,2,0
320,0,4,1461,1,0,1,3,0
654,0,6,441,1,0,0,1,0
434,1,3,83,0,0,1,2,0
276,0,4,682,0,0,2,2,0
762,0,6,1414,0,0,1,0,0
453,0,3,502,1,0,1,0,0
523,1,3,422,0,0,2,2,0
662,0,1,1185,0,0,2,0,0
448,0,1,605,0,0,1,2,0
158,1,7,440,2,0,2,0,0
707,0,4,471,0,0,1,0,0
490,0,4,836,0,0,1,0,0
795,0,5,192,0,0,4,1,0
273,0,7,195,0,0,2,1,1
396,1,4,424,2,0,1,1,1
789,1,2,515,0,0,2,2,0
535,0,3,0,0,0,1,2,0
608,0,8,225,0,0,2,1,0
568,1,8,946,2,0,1,0,1
910,0,5,2201,1,0,3,0,0
577,0,6,1492,1,0,2,1,1
894,2,4,691,0,0,5,0,1
494,1,2,224,2,0,2,2,0
320,0,5,44,0,0,0,0,0
631,0,4,223,1,0,2,2,0
507,1,7,378,1,0,1,0,0
363,1,6,2511,1,0,3,0,0
286,0,2,453,0,0,3,2,0
325,0,2,2281,0,0,4,0,0
564,1,3,427,0,0,1,1,0
502,0,1,120,0,0,2,2,0
724,0,1,1026,0,0,1,0,0
357,2,3,247,0,0,2,0,0
642,0,5,498,0,0,1,0,1
370,0,5,1193,1,0,1,0,0
406,0,1,1470,2,0,2,0,0
104,1,3,815,0,0,1,0,0
685,0,4,586,1,0,2,3,0
525,2,3,145,0,0,0,3,0
790,0,3,412,0,0,2,0,0
256,0,5,1640,0,0,1,0,0
418,0,3,443,0,0,2,3,0
689,0,7,1103,1,0,1,0,0
662,0,3,174,1,0,1,0,0
558,0,1,840,0,0,1,3,0
730,0,4,29,2,0,1,0,0
815,0,2,1718,0,0,1,0,0
668,0,2,394,2,0,2,1,0
697,0,4,211,2,0,2,0,0
643,0,1,846,0,0,1,2,0
570,0,5,113,1,0,3,2,0
391,0,5,93,0,0,2,2,0
382,1,1,1568,2,0,0,3,0
450,0,4,855,0,0,1,0,0
639,0,2,99,2,0,2,1,0
372,0,1,524,0,0,0,0,1
785,0,2,1878,2,0,2,0,0
454,0,1,299,2,0,1,0,0
333,0,1,13,0,0,1,1,0
620,0,3,41,0,0,2,1,0
359,0,4,192,0,0,3,2,0
595,0,4,824,0,0,4,4,0
642,0,2,1041,2,0,2,0,0
485,0,3,489,0,0,4,0,0
810,0,4,984,0,0,0,2,0
313,0,6,1570,1,0,0,2,0
561,0,2,357,0,0,1,1,0
487,0,3,136,0,0,2,0,0
503,0,3,546,0,0,1,0,0
557,0,3,689,1,0,2,0,0
610,0,2,96,1,0,1,2,0
339,0,2,122,1,0,2,1,0
568,0,7,124,1,0,2,0,0
369,1,3,213,0,0,0,1,1
525,0,7,386,0,0,3,0,0
483,1,2,443,0,0,3,1,0
648,0,4,398,0,0,2,1,0
461,0,2,914,1,0,2,2,0
280,0,5,857,0,0,1,0,0
805,1,4,684,0,0,0,0,0
427,0,4,572,0,0,0,1,0
156,0,10,174,2,0,0,1,0
654,1,4,1519,2,0,3,2,0
639,0,5,643,0,0,2,2,0
482,0,5,614,0,0,1,0,0
449,1,2,1502,0,0,1,3,1
586,1,4,1169,1,0,3,0,0
632,1,6,1555,0,0,1,0,0
394,0,3,2099,2,0,3,2,1
264,0,6,1285,1,0,2,2,0
380,1,2,879,0,0,3,4,0
330,1,4,207,1,0,3,3,1
64,1,3,355,0,0,1,0,0
283,0,4,706,1,0,1,2,0
502,0,3,577,0,0,2,2,0
683,0,1,494,0,0,1,0,0
541,2,7,227,2,0,0,0,0
497,0,5,125,0,0,2,2,0
511,0,7,3576,0,0,2,2,0
881,1,4,99,1,0,1,0,0
452,2,3,1111,0,0,0,0,0
511,1,4,1284,0,0,0,4,0
230,1,4,494,0,0,2,2,0
618,0,2,140,1,0,1,0,0
699,0,5,501,1,0,1,0,0
380,1,2,832,0,0,1,2,1
476,0,4,622,1,0,2,0,0
764,0,2,1319,2,0,0,0,0
264,0,4,560,0,0,3,0,0
528,1,1,474,2,0,2,0,1
536,1,3,332,1,0,0,2,0
393,1,4,236,1,0,2,2,0
388,2,6,374,0,0,2,0,0
323,0,6,1555,2,0,5,0,0
485,0,4,687,0,0,1,0,0
462,1,12,1042,0,0,1,0,0
538,1,3,315,0,0,0,1,0
779,1,1,86,0,0,3,0,0
652,0,5,2084,0,0,2,0,0
451,1,4,4035,0,0,4,1,0
579,0,5,41,1,0,2,0,0
535,0,5,1229,2,0,3,0,0
715,2,3,1492,2,0,2,0,0
656,1,1,693,0,0,2,4,0
343,0,5,129,0,0,0,0,0
431,0,4,731,2,0,3,1,0
556,0,1,397,0,0,1,2,0
499,1,4,386,2,0,2,4,0
686,1,1,403,2,0,0,2,0
490,1,5,120,0,0,1,1,0
757,0,3,789,0,0,1,4,1
360,1,1,157,0,0,1,1,0
288,1,7,823,2,0,0,0,0
354,0,6,659,0,0,1,1,0
457,0,2,49,2,0,1,1,0
649,0,4,617,2,0,3,0,0
512,0,3,1035,2,0,3,0,0
374,0,3,100,2,0,2,0,0
145,2,3,1007,0,0,1,3,0
641,0,5,486,0,0,1,4,1
601,1,5,817,0,0,2,0,1
618,2,8,510,0,0,1,4,1
190,0,1,260,1,0,2,0,1
678,0,4,42,1,0,1,1,0
597,0,2,505,1,0,2,1,0
555,0,3,565,0,0,2,0,0
497,2,5,753,0,0,1,0,0
1038,0,4,631,0,0,2,2,0
547,0,2,1176,0,0,1,0,0
714,0,1,81,1,0,2,0,0
669,0,3,1016,2,0,2,0,0
703,0,5,1368,0,0,3,0,0
488,1,1,365,0,0,0,0,0
528,0,4,2814,1,0,3,0,1
426,0,5,914,1,0,2,0,0
380,0,1,296,0,0,3,0,0
727,0,3,1722,2,0,1,0,0
362,2,7,470,0,0,2,0,0
561,1,5,885,1,0,0,0,0
576,0,1,361,2,0,3,2,0
629,1,5,832,0,0,2,0,0
588,0,5,174,0,0,3,0,0
491,0,3,1063,0,0,1,2,0
422,0,5,1899,2,0,1,0,0
768,0,3,140,0,0,2,2,0
563,1,3,104,2,0,2,1,0
665,0,1,341,0,0,1,2,0
645,1,5,119,1,0,2,2,0
315,1,2,580,2,0,1,2,0
535,1,5,339,0,0,3,2,0
739,1,6,1014,0,0,2,2,1
346,2,4,885,0,0,0,0,1
651,0,5,3543,1,0,4,0,0
397,0,2,1663,1,0,3,2,0
274,1,1,1645,0,0,2,1,0
366,0,3,910,0,0,3,0,0
490,0,4,583,2,0,1,0,1
437,1,3,2460,1,0,0,2,0
636,2,2,147,2,0,3,0,0
683,0,2,329,1,0,1,1,0
614,0,1,483,1,0,0,2,0
359,0,4,1967,0,0,1,4,0
764,0,4,132,0,0,0,3,0
909,0,4,1520,0,0,2,0,0
581,1,4,236,1,0,1,1,0
455,0,5,1237,0,0,2,0,0
417,0,1,494,2,0,0,2,0
397,1,6,2931,1,0,0,0,0
692,0,4,1420,2,0,1,0,0
1017,0,2,494,0,0,1,0,0
540,0,3,85,0,0,2,0,0
291,0,2,712,1,0,0,0,0
748,1,5,1528,2,0,1,4,1
425,1,4,1729,0,0,1,0,0
806,0,7,148,1,0,1,4,0
228,0,2,173,1,0,2,0,1
493,0,6,948,0,0,5,0,1
823,1,5,1958,0,0,0,1,1
429,2,4,133,0,0,1,0,0
634,0,1,2193,0,0,1,1,1
223,1,6,1219,2,0,1,0,0
602,0,4,1896,0,0,3,0,0
449,1,5,193,1,0,2,0,0
370,0,3,1268,1,0,3,3,0
64,0,5,1418,0,0,3,0,0
633,1,8,848,1,0,2,0,0
82,0,3,1273,2,0,1,0,1
265,0,3,98,0,0,3,1,0
841,0,4,207,0,0,2,0,0
743,1,2,757,0,0,2,2,0
339,0,7,402,2,0,1,2,0
600,0,3,958,2,0,1,1,0
728,0,9,1493,1,0,0,0,0
286,0,6,3023,0,0,1,1,0
513,2,4,52,0,0,0,0,0
296,0,4,4374,2,0,1,0,1
477,0,3,490,0,0,2,2,0
253,1,5,204,1,0,0,0,0
285,0,5,430,2,0,2,1,0
764,0,2,558,0,0,1,0,0
519,1,6,2089,0,0,1,0,0
463,0,6,23,2,0,1,4,0
405,0,6,845,1,0,0,0,0
525,0,7,897,1,0,0,2,0
577,0,5,1480,1,0,2,0,0
415,0,5,118,0,0,2,0,0
743,0,3,375,2,0,2,2,0
617,0,4,161,0,0,2,0,0
514,0,2,108,0,0,2,2,0
782,1,3,92,1,0,2,2,0
705,0,7,749,1,0,2,0,0
476,1,2,362,0,0,1,2,1
495,0,5,585,2,0,1,2,0
322,0,3,142,1,0,3,1,0
361,0,4,1098,1,0,1,0,0
647,0,2,626,0,0,1,0,0
319,0,4,23,0,0,1,0,0
693,0,3,667,0,0,2,2,0
237,0,5,192,0,0,2,1,0
436,0,6,149,0,0,3,2,1
343,0,7,454,0,0,2,0,0
150,1,5,3018,0,0,3,2,0
515,0,1,361,2,0,0,0,0
281,0,4,226,0,0,1,1,0
602,0,4,115,0,0,1,0,1
576,0,6,1103,1,0,3,4,1
493,0,5,671,2,0,0,0,0
442,0,7,704,1,0,4,0,1
219,0,3,917,0,0,2,0,0
432,0,3,160,0,0,1,1,0
417,0,2,125,0,0,1,0,0
254,0,7,304,0,0,1,0,0
201,0,7,540,1,0,2,0,0
356,0,2,752,0,0,1,0,0
733,1,1,3685,0,0,2,0,0
229,0,3,1097,0,0,2,2,0
606,0,3,949,0,0,0,3,0
565,2,3,2115,2,0,1,0,0
498,0,5,378,0,0,0,1,0
422,0,5,415,0,0,1,0,0
263,0,3,940,1,0,3,0,1
387,1,3,612,1,0,1,2,0
624,0,5,1768,0,0,2,0,0
471,0,4,1182,1,0,1,1,1
369,0,2,384,0,0,0,0,0
254,0,3,2862,0,0,0,0,0
395,0,6,1001,1,0,3,0,0
180,0,4,79,2,0,1,2,0
305,2,2,140,1,0,0,0,0
490,2,2,1076,1,0,3,0,0
619,1,4,408,1,0,2,0,0
414,1,3,471,0,0,2,2,0
673,0,6,560,1,0,2,2,0
621,0,4,105,0,0,1,0,1
200,0,7,1091,1,0,3,4,0
565,1,3,374,0,0,1,2,0
724,1,4,799,2,0,3,0,0
553,0,2,234,0,0,0,0,0
215,0,5,266,0,0,3,0,1
176,0,5,271,2,0,1,0,0
91,2,7,185,2,0,3,0,0
234,0,5,2986,2,0,0,2,1
1027,0,3,1516,1,0,0,0,0
430,0,3,269,0,0,0,0,0
675,0,2,1393,2,0,1,0,0
467,1,2,750,1,0,2,0,0
478,0,7,887,1,0,1,2,0
462,1,3,1378,0,0,3,0,0
671,1,3,1940,0,0,2,0,0
532,1,2,2158,0,0,2,0,0
656,2,3,927,1,0,0,1,0
298,1,6,103,1,0,1,3,0
840,0,3,93,1,0,0,1,0
520,1,5,748,0,0,2,0,1
693,1,6,947,0,0,2,2,1
378,0,5,394,1,0,1,1,0
584,2,5,833,0,0,3,1,1
305,0,6,222,2,0,0,2,1
545,0,4,347,1,0,0,0,1
411,0,4,1123,0,0,1,0,0
378,0,3,3300,0,0,0,0,0
288,0,5,1995,2,0,2,0,0
417,0,4,759,0,0,1,0,0
710,1,5,795,0,0,2,0,0
720,0,4,441,0,0,2,1,0
769,0,6,509,0,0,0,0,0
307,0,4,1072,0,0,2,3,0
536,0,3,491,1,0,0,2,0
473,1,2,1267,0,0,3,0,0
440,0,2,616,0,0,0,0,0
424,0,3,48,0,0,4,0,1
64,1,2,2758,0,0,1,4,0
663,0,2,250,0,0,2,0,0
118,0,5,1478,2,0,1,2,0
373,2,7,279,0,0,2,0,0
477,1,6,374,1,0,0,0,0
546,1,2,713,2,0,2,3,0
453,1,1,64,0,0,2,2,0
621,0,5,2576,0,0,2,0,0
165,0,1,1211,2,0,2,1,0
466,0,2,24,1,0,2,1,1
300,0,4,563,1,0,2,0,1
770,0,2,87,0,0,4,0,0
358,0,5,235,0,0,2,1,0
117,1,6,2262,0,0,1,1,0
508,0,8,2837,0,0,0,1,0
404,0,5,227,1,0,2,0,1
502,0,12,1249,1,0,1,2,0
443,1,6,9,2,0,3,0,0
374,0,2,1527,2,0,1,0,1
544,1,2,138,0,0,1,2,0
632,0,6,1282,1,0,1,0,0
277,0,1,888,2,0,0,2,0
469,0,1,369,1,0,1,0,0
714,0,4,1214,0,0,0,0,0
574,1,4,536,0,0,2,1,0
810,0,2,673,0,0,1,2,1
668,1,6,60,0,0,0,2,0
599,0,5,1231,1,0,1,0,0
322,0,4,703,2,0,2,0,0
365,0,2,1012,2,0,1,0,1
383,0,2,1092,0,0,3,0,0
562,0,3,2919,0,0,2,1,0
754,0,2,688,0,0,0,0,0
391,0,1,1675,1,0,0,0,1
901,0,2,456,0,0,2,0,0
334,0,5,947,1,0,2,0,0
619,1,7,388,1,0,1,4,0
427,1,6,1222,1,0,2,0,1
543,2,1,515,0,0,1,2,0
594,0,4,682,2,0,1,2,0
645,1,5,2,1,0,1,0,0
366,0,1,718,0,0,1,1,0
89,0,2,1043,2,0,0,1,0
584,1,4,135,0,0,0,1,0
64,0,1,282,0,0,1,0,0
191,1,2,998,0,0,3,0,1
644,0,6,145,0,0,3,2,0
524,0,3,1007,2,0,2,1,0
866,0,1,223,0,0,3,0,0
663,2,5,514,1,0,2,2,0
448,0,3,97,0,0,0,2,0
614,1,2,1480,0,0,1,2,0
349,0,4,337,0,0,1,4,1
509,0,7,506,0,0,3,0,0
526,0,1,223,2,0,1,0,0
485,1,4,1020,0,0,2,0,0
137,0,7,779,0,0,1,1,0
332,0,5,239,1,0,0,0,0
819,0,4,1138,0,0,0,2,0
753,1,6,1110,0,0,1,2,0
633,0,8,1974,1,0,2,1,0
64,0,2,568,0,0,2,0,1
775,0,5,253,0,0,4,0,0
186,0,3,329,1,0,2,0,0
327,0,5,208,0,0,1,2,0
280,2,4,249,2,0,3,2,0
913,0,6,213,0,0,1,2,0
478,0,10,2037,0,0,2,0,0
541,0,4,791,0,0,3,0,0
435,1,4,242,0,0,3,1,0
294,0,5,73,2,0,2,2,0
434,0,4,1376,0,0,1,0,0
377,1,4,1759,1,0,1,0,0
661,0,3,590,0,0,1,0,0
721,0,5,1762,0,0,1,2,0
619,0,3,1683,0,0,0,4,0
527,0,3,1223,2,0,1,0,0
352,0,6,140,0,0,4,0,0
614,1,5,241,0,0,1,0,0
503,0,6,859,2,0,1,0,0
594,1,3,684,0,0,0,3,0
619,2,4,951,1,0,1,0,0
547,1,2,362,2,0,1,1,0
560,1,4,1641,1,0,1,0,1
423,0,2,1,0,0,3,0,0
418,0,3,534,0,0,0,2,0
592,1,5,1221,0,0,1,1,0
593,1,5,98,1,0,0,0,1
388,0,2,714,1,0,3,0,1
620,1,4,2736,0,0,2,0,0
716,1,3,569,2,0,2,0,0
126,1,3,1645,2,0,2,2,0
431,0,5,431,0,0,1,2,0
639,1,5,618,0,0,1,2,0
846,0,5,461,0,0,2,0,1
434,0,3,1105,1,0,2,2,0
212,0,3,1123,0,0,1,0,0
689,1,3,33,1,0,2,0,0
698,1,4,733,2,0,3,2,0
368,0,5,189,0,0,1,1,0
475,0,3,958,1,0,2,0,0
103,0,4,707,0,0,3,0,0
534,1,3,92,0,0,0,2,0
502,0,2,721,1,0,0,0,0
581,0,7,1270,1,0,2,0,1
837,0,7,2061,0,0,3,0,0
592,0,7,1105,1,0,2,0,0
295,0,3,341,2,0,1,0,0
383,0,6,1413,0,0,0,0,0
542,0,4,1631,0,0,1,0,1
515,0,3,57,0,0,1,2,1
461,0,4,460,1,0,2,2,0
610,0,5,861,0,0,4,0,0
253,0,3,326,0,0,2,0,0
676,1,2,3277,1,0,2,2,0
146,0,2,156,1,0,2,0,0
249,0,4,873,0,0,1,0,0
811,1,10,1813,1,0,2,0,1
695,1,5,701,1,0,2,0,0
608,1,6,304,1,0,2,0,0
415,0,4,1238,0,0,1,1,1
873,0,2,2279,0,0,2,3,0
338,0,3,494,0,0,2,2,0
749,0,4,4324,1,0,1,2,0
332,1,1,2544,0,0,2,0,0
412,0,2,2533,1,0,2,0,0
866,1,4,1401,1,0,1,0,0
373,0,3,112,1,0,1,0,0
598,0,2,481,0,0,4,0,1
416,0,4,2221,0,0,1,0,0
204,1,2,585,1,0,1,0,1
564,0,3,259,2,0,2,0,0
258,0,6,2694,0,0,1,2,0
502,0,1,449,2,0,1,3,1
378,1,4,2789,0,0,3,4,0
685,0,5,751,1,0,2,0,1
490,0,3,261,1,0,1,0,0
244,0,4,1587,2,0,2,0,0
616,0,6,2638,1,0,1,2,0
64,1,4,2088,1,0,3,0,0
389,0,2,1566,2,0,1,4,0
508,1,3,496,0,0,3,3,0
64,1,4,123,0,0,2,0,0
541,0,2,196,0,0,2,0,0
194,0,9,142,0,0,2,0,0
451,0,7,1388,0,0,1,3,0
516,0,7,132,1,0,2,0,1
902,0,6,1393,1,0,0,0,0
530,2,5,1225,1,0,1,1,0
273,1,2,456,2,0,4,2,0
309,1,3,382,1,0,1,0,0
400,0,4,366,0,0,1,2,1
735,0,5,906,2,0,2,0,0
559,0,4,531,0,0,0,2,0
856,1,6,512,0,0,2,0,0
543,2,7,2157,0,0,3,2,0
570,0,2,1782,1,0,1,1,0
898,0,1,2347,1,0,1,0,0
458,0,6,552,1,0,3,0,0
379,2,4,285,0,0,1,1,0
64,0,5,1167,0,0,1,0,0
594,0,2,725,1,0,1,4,1
400,0,2,1869,1,0,3,2,0
280,0,3,68,0,0,3,0,0
902,0,3,1631,1,0,2,0,0
343,0,6,957,2,0,1,0,0
226,0,4,163,2,0,2,0,0
612,0,7,1699,2,0,0,0,0
340,1,5,3,1,0,3,0,0
503,1,4,775,0,0,1,0,0
348,0,1,144,0,0,0,1,1
583,0,3,955,2,0,0,0,0
284,0,5,145,0,0,1,2,0
703,0,6,12,0,0,2,0,1
516,0,2,406,0,0,0,2,0
322,1,3,2312,1,0,0,2,1
386,1,5,1534,0,0,2,3,0
802,0,1,580,1,0,2,0,0
546,0,5,942,0,0,1,0,0
213,2,9,6,0,0,2,2,0
674,1,2,1682,1,0,2,0,0
247,0,3,82,1,0,2,0,0
241,0,5,612,0,0,3,0,1
343,0,3,137,0,0,4,0,0
488,1,3,754,1,0,3,0,0
573,0,3,634,2,0,2,0,0
629,0,4,315,1,0,3,2,0
788,0,3,1546,2,0,2,0,1
346,0,3,936,1,0,1,0,0
472,0,8,168,0,0,1,0,0
391,0,4,151,2,0,2,0,0
472,0,2,310,2,0,1,2,0
765,1,3,1248,1,0,4,3,0
653,0,5,655,1,0,1,2,0
383,0,3,609,1,0,3,0,1
598,1,5,1264,0,0,2,2,0
699,1,3,578,0,0,2,0,0
450,1,2,39,0,0,0,0,0
64,0,8,593,0,0,3,0,0
600,0,6,1077,2,0,1,0,1
695,0,5,327,1,0,2,3,0
294,0,3,363,1,0,1,2,0
577,0,1,1929,0,0,2,0,0
420,0,4,424,0,0,0,2,0
374,0,1,1096,1,0,2,0,0
738,0,4,125,0,0,2,0,0
321,0,5,954,0,0,0,1,0
525,1,4,24,0,0,0,0,1
263,0,4,1968,1,0,1,0,0
659,0,1,2892,1,0,3,2,0
260,0,9,842,2,0,3,0,0
300,0,3,611,1,0,3,1,1
331,0,2,42,0,0,2,0,0
497,0,1,551,2,0,1,0,1
494,0,6,2155,0,0,1,2,0
82,0,6,226,1,0,0,4,0
612,1,3,187,1,0,2,3,0
310,0,4,118,0,0,2,1,0
722,2,5,1015,2,0,1,2,0
552,0,3,330,1,0,1,2,0
424,2,1,685,1,0,1,1,0
676,0,4,670,1,0,2,1,0
300,0,4,99,1,0,0,0,0
254,0,3,189,2,0,3,2,0
67,1,4,149,0,0,2,1,0
240,1,5,8,1,0,2,0,0
372,1,3,271,0,0,2,2,0
609,0,6,339,1,0,1,0,0
274,0,3,2868,0,0,3,0,0
632,0,6,315,0,0,2,2,0
560,0,6,773,2,0,0,1,0
313,2,7,1290,2,0,2,1,1
522,0,3,294,1,0,3,0,0
230,1,6,1756,1,0,2,0,0
470,1,3,1782,0,0,0,2,0
344,0,6,58,1,0,1,1,0
514,0,5,1986,1,0,1,0,0
558,0,3,168,1,0,1,1,0
730,0,5,2070,0,0,2,2,0
730,2,2,441,0,0,3,0,0
213,2,2,219,0,0,1,0,0
877,0,7,500,2,0,2,2,0
423,0,2,305,0,0,1,0,0
460,1,5,695,2,0,1,0,1
778,1,1,1131,2,0,0,2,0
690,0,4,1426,1,0,2,2,1
931,0,2,386,0,0,1,3,0
314,0,6,197,2,0,3,0,0
404,0,6,205,2,0,3,0,0
638,0,6,160,0,0,1,1,0
452,0,2,249,0,0,4,2,0
880,0,1,263,2,0,1,1,0
650,0,9,758,2,0,1,0,1
410,0,2,2132,2,0,1,2,1
399,0,3,1032,2,0,0,2,0
298,1,7,268,1,0,1,0,0
540,0,1,388,0,0,2,2,0
453,1,6,72,0,0,1,0,1
586,2,4,635,0,0,2,2,0
382,0,1,1379,2,0,1,0,0
1270,0,5,1031,1,0,1,0,0
242,0,5,1831,0,0,1,2,0
611,0,4,771,0,0,0,2,0
1033,0,4,213,0,0,0,0,0
260,0,4,1361,0,0,1,0,0
469,1,6,342,1,0,3,0,1
679,0,3,314,0,0,1,1,1
399,0,5,511,0,0,3,2,0
505,0,1,527,0,0,2,2,0
306,0,3,351,0,0,0,0,0
372,2,3,1427,0,0,1,2,1
543,1,5,96,2,0,3,2,0
515,0,3,196,0,0,1,0,0
308,1,5,709,0,0,2,0,1
64,0,4,2602,0,0,0,0,0
777,0,5,308,0,0,4,2,0
699,0,3,60,0,0,2,2,0
586,0,10,223,1,0,2,4,0
503,1,9,5,0,0,2,1,1
1138,0,6,144,1,0,3,1,0
197,0,3,1366,0,0,4,0,0
350,0,1,760,0,0,0,0,0
301,1,4,447,2,0,1,0,0
666,1,6,220,2,0,3,1,0
732,0,5,570,1,0,0,0,0
745,0,8,849,0,0,1,0,0
655,0,5,1427,0,0,2,0,0
854,0,4,791,2,0,2,0,0
404,1,1,2361,0,0,2,0,0
1058,1,5,1524,2,0,0,0,0
602,1,3,967,1,0,0,0,0
260,1,7,508,0,0,2,0,0
704,0,4,1223,0,0,1,0,0
689,0,4,122,0,0,1,0,0
593,0,5,2535,2,0,2,2,0
319,1,8,52,1,0,3,0,0
407,1,3,878,2,0,0,0,0
492,0,4,1261,0,0,1,0,0
415,0,2,333,0,0,1,1,0
702,2,5,1050,0,0,2,1,0
797,1,9,1493,2,0,1,0,0
577,0,3,190,0,0,1,0,0
738,0,2,2423,2,0,1,2,1
656,0,2,824,0,0,1,0,0
505,0,2,99,0,0,2,0,0
812,0,6,71,0,0,2,0,0
339,1,6,23,0,0,2,0,0
324,1,5,1427,0,0,2,0,0
526,0,9,26,1,0,1,2,1
405,1,1,601,2,0,0,1,0
590,0,7,890,0,0,3,2,0
671,0,8,289,1,0,0,2,1
734,1,6,1841,2,0,0,2,0
322,0,1,637,0,0,1,0,0
743,0,5,1237,0,0,2,0,1
219,0,3,1125,2,0,4,0,0
628,0,4,286,0,0,2,1,1
415,0,2,2049,1,0,0,2,0
546,0,4,1046,0,0,2,2,0
386,0,3,182,0,0,3,0,1
215,0,5,11,0,0,1,4,0
547,1,2,331,2,0,1,0,0
310,0,4,714,2,0,0,0,0
455,0,2,1000,2,0,2,0,0
444,0,3,523,2,0,1,0,0
532,1,3,331,1,0,1,2,0
672,0,7,922,0,0,2,0,0
625,0,1,1491,0,0,3,0,0
559,0,2,438,1,0,2,2,0
580,1,7,1214,1,0,1,2,1
492,0,3,219,1,0,1,0,1
496,0,4,159,1,0,1,0,0
285,1,6,586,2,0,1,2,0
344,0,9,1218,0,0,1,0,0
347,0,5,73,0,0,0,0,0
269,0,5,898,1,0,0,2,0
699,0,5,183,1,0,1,1,0
380,0,3,294,0,0,2,2,0
364,1,5,644,0,0,0,0,1
402,1,4,49,1,0,1,3,0
216,1,3,163,0,0,3,4,0
64,0,2,1140,1,0,2,3,0
146,0,1,406,1,0,0,1,0
528,0,6,283,0,0,0,0,0
458,1,5,564,2,0,3,0,0
319,0,4,1144,0,0,3,0,0
80,0,5,697,0,0,1,0,0
536,1,3,393,0,0,2,0,0
343,1,4,281,2,0,1,0,0
392,0,6,59,1,0,1,2,0
504,0,7,1793,1,0,3,2,0
327,0,5,1021,1,0,1,0,1
544,2,4,851,0,0,3,2,0
520,1,2,111,1,0,3,1,0
827,1,4,531,1,0,0,0,0
179,0,5,1066,1,0,1,1,0
810,0,1,763,0,0,2,0,0
517,0,4,128,0,0,1,1,0
579,0,3,412,1,0,2,0,0
75,0,3,255,1,0,0,0,1
464,0,1,867,2,0,1,0,0
670,0,11,1174,2,0,1,0,0
412,0,4,82,2,0,1,0,0
465,0,3,1361,0,0,1,0,0
506,0,4,631,0,0,1,0,1
297,0,2,933,0,0,2,0,1
578,0,3,783,2,0,2,4,1
610,0,8,147,1,0,3,0,0
376,0,1,975,2,0,1,2,0
479,0,3,341,1,0,3,2,0
299,1,5,1416,0,0,0,2,0
372,1,5,153,1,0,2,1,0
318,0,4,324,0,0,1,0,0
722,0,5,3165,0,0,0,4,0
611,1,6,696,1,0,2,0,0
289,2,3,384,0,0,1,0,0
738,0,4,1109,0,0,2,1,1
514,0,5,437,0,0,2,0,0
406,0,5,983,0,0,1,2,0
398,0,2,4276,1,0,0,0,0
422,1,3,692,1,0,1,0,0
360,1,1,503,0,0,1,2,0
687,1,4,1223,2,0,2,4,0
689,0,1,1412,0,0,2,3,0
308,0,4,308,0,0,0,0,0
357,0,7,24,1,0,0,1,0
298,1,4,256,1,0,3,0,0
500,0,2,379,1,0,3,0,0
388,0,4,148,0,0,2,2,0
670,2,6,2897,2,0,2,2,0
832,0,2,196,0,0,0,1,1
379,0,7,1313,0,0,0,0,1
723,0,7,392,0,0,2,2,1
640,0,7,6,0,0,1,0,0
838,2,1,643,0,0,3,0,0
477,0,3,1466,2,0,2,2,0
493,0,1,811,1,0,3,2,0
673,1,6,29,0,0,1,0,0
324,0,4,239,1,0,2,0,0
635,1,4,163,1,0,1,4,0
331,1,4,298,0,0,2,4,1
531,1,6,14,1,0,1,0,0
588,1,2,850,1,0,4,0,0
621,2,4,476,1,0,1,0,0
712,0,2,332,0,0,2,0,1
798,1,1,975,1,0,1,0,0
296,0,2,101,0,0,0,2,0
500,0,3,207,1,0,0,0,0
477,0,6,2462,1,0,2,0,0
453,1,5,380,0,0,2,0,1
420,1,4,1986,2,0,0,0,0
414,0,7,74,0,0,3,1,0
663,0,7,205,0,0,2,2,0
561,1,5,266,0,0,1,1,0
323,1,5,29,1,0,1,0,0
549,0,5,1789,1,0,3,0,0
357,0,5,942,1,0,3,0,0
755,0,7,1622,0,0,1,2,0
437,1,1,405,0,0,1,0,0
335,1,5,576,0,0,0,0,0
596,0,3,1797,1,0,1,0,0
299,0,3,1167,2,0,1,0,0
704,0,2,873,0,0,0,0,0
716,0,4,736,1,0,0,0,0
646,0,3,75,0,0,0,2,0
759,1,3,783,1,0,2,3,0
203,0,1,284,0,0,2,2,0
691,0,5,1084,0,0,3,2,0
745,1,6,2175,2,0,1,2,1
252,0,2,980,0,0,1,0,0
271,0,4,2155,0,0,2,0,1
559,0,4,454,0,0,1,0,0
417,1,8,97,0,0,0,0,1
499,0,4,2117,0,0,2,0,0
210,0,7,203,1,0,1,0,1
353,0,4,1042,1,0,1,4,0
706,0,3,242,1,0,1,2,0
446,0,6,643,1,0,3,2,0
377,0,5,1165,2,0,2,0,0
653,0,5,1022,0,0,4,2,1
806,0,5,3010,0,0,2,2,0
411,0,4,1864,0,0,0,0,0
86,2,5,1635,2,0,3,0,0
942,0,7,46,2,0,0,2,0
649,1,2,862,2,0,0,1,0
1002,0,4,1203,0,0,1,4,0
208,1,4,888,0,0,0,0,0
783,0,6,1437,1,0,0,2,0
179,1,2,233,1,0,2,0,1
471,0,1,431,1,0,2,0,0
566,0,4,852,2,0,2,1,0
410,1,2,171,0,0,1,0,0
765,1,2,595,1,0,4,2,0
358,0,7,535,0,0,0,0,1
576,1,3,2,0,0,1,0,0
442,0,5,537,1,0,1,0,0
521,0,6,173,0,0,2,0,0
527,1,7,250,1,0,2,0,0
715,0,1,429,1,0,3,0,0
747,1,4,1131,0,0,2,3,0
459,0,1,1038,1,0,0,2,0
626,0,4,2093,0,0,1,0,1
753,0,2,713,0,0,2,1,0
255,1,1,1612,2,0,2,0,0
280,0,4,760,2,0,3,0,0
399,0,5,752,0,0,2,2,0
295,1,4,1040,0,0,1,4,0
954,1,5,2310,1,0,3,0,0
115,0,5,943,1,0,1,0,0
541,0,2,539,2,0,1,1,0
158,0,4,1686,0,0,1,0,0
793,0,3,122,0,0,2,2,0
394,0,3,1164,1,0,1,1,0
533,0,4,1772,0,0,2,1,0
403,0,6,208,2,0,2,0,0
490,0,3,918,0,0,0,3,0
408,1,3,266,2,0,1,0,0
366,0,3,1088,2,0,1,0,1
202,1,6,583,1,0,2,0,0
528,0,1,3852,0,0,1,1,0
594,0,9,1113,0,0,1,2,0
384,0,4,526,1,0,1,1,0
668,0,6,2,0,0,2,1,0
584,2,6,829,1,0,1,0,0
665,0,4,430,0,0,2,1,0
543,0,5,121,1,0,1,0,0
527,0,3,1101,0,0,1,0,0
486,1,4,2399,0,0,2,0,0
755,0,7,226,0,0,1,3,0
508,1,6,18,0,0,1,1,0
729,1,2,819,0,0,1,4,0
591,0,2,62,1,0,1,1,0
499,1,1,808,2,0,1,1,0
586,1,2,11,0,0,2,0,0
677,1,3,1427,2,0,3,0,0
425,1,6,462,0,0,1,1,0
967,0,7,1745,1,0,2,0,0
544,2,3,431,0,0,0,0,0
598,0,4,78,0,0,2,0,1
167,0,6,965,1,0,1,0,1
458,1,3,1904,0,0,0,0,0
616,2,1,755,0,0,0,0,0
408,0,2,391,0,0,1,0,0
245,0,3,1027,0,0,1,0,0
75,1,7,23,2,0,1,1,0
418,0,3,423,0,0,2,1,0
644,0,4,777,0,0,1,2,0
622,0,4,471,1,0,1,0,0
729,0,1,2118,2,0,0,2,0
803,1,4,832,1,0,1,0,0
393,1,1,1395,0,0,2,4,1
417,1,4,1350,1,0,1,2,0
611,0,1,519,2,0,2,0,0
913,0,3,1466,1,0,0,0,0
469,1,6,1566,0,0,0,2,0
580,0,7,1960,0,0,4,0,0
767,0,4,1889,1,0,2,2,0
252,0,7,55,0,0,1,0,0
831,1,4,139,2,0,1,2,1
472,1,6,91,1,0,0,0,0
705,0,7,1235,0,0,0,0,0
771,0,5,1871,1,0,1,2,0
717,0,4,1315,0,0,2,0,0
418,2,2,575,1,0,1,0,1
664,0,2,750,1,0,2,2,0
902,0,4,798,2,0,1,0,0
842,0,4,293,0,0,2,0,0
679,0,5,1927,2,0,0,2,0
690,0,5,755,2,0,2,3,0
564,0,5,619,0,0,3,0,0
378,0,4,338,0,0,2,1,0
539,0,2,1182,0,0,2,0,0
496,0,4,151,1,0,1,1,0
279,0,4,209,1,0,1,0,0
498,0,4,704,1,0,1,2,0
754,0,5,153,0,0,2,2,0
218,0,3,740,1,0,0,0,0
233,1,1,1885,1,0,1,4,0
443,0,2,106,2,0,3,0,0
203,0,4,201,1,0,0,0,0
91,0,1,757,0,0,3,0,0
756,0,7,350,2,0,4,0,1
549,1,4,1173,0,0,0,1,0
417,0,6,453,2,0,1,0,0
458,0,4,691,2,0,1,3,0
393,0,3,299,1,0,2,2,0
282,0,3,499,0,0,1,1,0
488,1,5,537,0,0,0,0,0
671,1,4,379,1,0,3,0,0
600,0,2,201,0,0,2,0,0
504,0,3,1846,0,0,1,0,0
412,0,1,2835,1,0,1,0,0
658,1,8,482,0,0,4,2,0
845,0,5,2179,0,0,0,0,0
551,0,1,1016,0,0,0,0,0
804,1,4,601,1,0,0,4,0
301,1,4,196,1,0,2,1,0
373,0,3,116,0,0,2,2,0
558,1,5,678,0,0,2,4,0
287,1,1,147,0,0,2,0,1
566,0,3,1218,0,0,2,2,0
352,0,4,923,2,0,2,0,1
387,2,3,1346,2,0,3,0,0
309,0,2,1016,0,0,0,4,0
83,0,4,900,2,0,3,0,0
510,1,4,730,1,0,2,0,0
736,0,7,904,0,0,2,2,0
544,0,2,68,0,0,2,0,0
498,1,5,560,1,0,3,0,0
569,0,7,1668,1,0,1,0,0
203,0,2,636,0,0,3,0,0
210,1,2,2505,0,0,0,4,0
564,0,10,488,2,0,2,0,0
998,0,4,1456,0,0,1,0,0
317,0,6,578,1,0,1,0,1
433,0,4,575,0,0,2,3,0
539,0,6,132,1,0,2,0,0
561,1,3,259,0,0,2,0,0
433,0,5,1184,1,0,2,1,0
530,0,2,231,0,0,1,0,0
179,0,6,500,2,0,2,0,0
378,0,6,967,0,0,1,0,0
275,1,6,202,0,0,2,0,0
353,0,5,2373,0,0,1,3,0
372,2,1,599,0,0,2,4,0
718,0,2,181,2,0,1,0,0
304,0,9,1059,2,0,2,2,0
519,0,7,136,0,0,1,0,0
391,0,9,641,0,0,1,0,0
692,1,5,583,0,0,0,0,1
365,1,2,71,1,0,2,0,0
759,0,5,828,0,0,2,3,1
355,1,5,530,1,0,2,0,0
397,0,3,353,0,0,1,0,1
426,1,3,48,0,0,0,2,0
325,0,5,887,1,0,1,4,0
564,0,4,905,0,0,1,0,1
387,0,6,22,1,0,3,0,0
538,2,5,638,1,0,1,0,1
548,0,6,2015,1,0,2,1,1
606,0,3,364,0,0,0,0,0
676,0,8,146,2,0,0,0,0
66,0,5,424,0,0,1,0,0
64,0,8,1578,0,0,2,1,0
658,0,6,796,1,0,2,1,0
763,1,3,1521,2,0,2,2,0
121,0,4,2232,1,0,2,0,0
663,1,2,85,0,0,0,1,0
363,0,10,1107,1,0,0,0,0
640,0,4,540,1,0,1,0,0
334,0,1,3,1,0,4,0,0
296,0,5,338,0,0,3,0,0
246,0,2,227,0,0,2,3,0
713,0,4,486,0,0,2,0,0
680,0,3,2684,1,0,1,2,1
462,0,5,681,2,0,2,0,1
489,1,5,2269,1,0,1,0,0
671,0,4,332,0,0,1,0,0
189,0,2,2650,0,0,2,1,0
566,0,4,794,0,0,1,0,0
435,0,8,1541,0,0,1,2,0
237,0,4,229,0,0,2,0,0
484,0,2,375,0,0,2,0,0
300,1,4,311,2,0,3,0,1
595,1,4,1247,1,0,2,0,0
315,0,3,24,0,0,1,0,0
150,1,1,531,0,0,0,2,0
675,0,3,1072,1,0,0,0,0
485,2,5,1344,0,0,1,1,1
276,1,5,344,2,0,1,0,0
739,1,8,864,1,0,2,0,0
120,1,1,122,1,0,1,0,0
297,1,3,418,2,0,3,0,0
473,0,5,18,2,0,2,0,0
712,1,1,542,1,0,1,1,0
447,0,6,450,0,0,0,1,0
503,0,3,1652,0,0,2,3,0
232,2,2,1576,0,0,2,0,1
651,0,1,212,1,0,1,0,1
915,1,8,3160,0,0,0,3,0
646,1,6,111,0,0,1,0,1
818,0,1,534,0,0,1,0,0
814,0,6,242,0,0,2,0,0
580,0,5,160,2,0,1,1,0
752,2,1,1055,2,0,2,0,1
933,0,2,343,0,0,0,0,0
710,0,2,333,1,0,3,2,0
511,0,4,540,1,0,2,1,0
582,0,4,914,0,0,3,0,0
655,1,2,285,0,0,2,0,0
608,1,6,531,2,0,1,0,0
790,0,3,1247,0,0,2,0,0
778,1,2,123,1,0,1,1,1
326,0,7,413,1,0,0,0,0
503,1,3,169,0,0,2,1,0
586,1,4,545,0,0,2,0,0
305,0,4,749,2,0,2,0,0
382,1,6,560,0,0,1,2,0
772,0,3,146,2,0,1,0,0
600,1,5,121,0,0,2,2,1
391,0,1,263,1,0,1,1,0
502,0,6,25,2,0,3,0,0
664,0,1,1663,0,0,1,0,1
782,0,4,564,0,0,2,0,0
674,1,3,1106,1,0,4,1,0
435,0,2,186,2,0,3,0,0
449,0,9,1960,1,0,2,0,0
596,1,1,15,0,0,1,3,0
228,0,7,327,0,0,4,3,0
74,0,5,636,1,0,3,2,1
490,0,5,1490,0,0,3,0,1
513,1,4,483,0,0,0,2,0
717,1,2,1157,2,0,1,0,0
483,0,3,285,0,0,3,1,0
648,0,4,568,0,0,1,2,1
539,1,4,132,1,0,1,0,0
199,0,7,70,1,0,4,2,0
785,2,4,1209,0,0,1,2,0
136,0,2,491,1,0,3,0,0
581,0,4,39,1,0,2,0,0
649,1,3,208,2,0,1,1,0
246,1,3,69,1,0,0,2,1
542,0,2,1006,1,0,3,0,0
464,0,3,43,0,0,1,4,0
508,0,6,476,0,0,1,0,0
578,0,3,135,0,0,3,1,0
332,0,5,691,2,0,2,0,0
456,2,5,2352,0,0,2,0,0
406,0,6,40,0,0,1,0,0
368,1,3,224,0,0,1,2,0
638,0,3,1444,1,0,1,0,0
547,0,7,77,0,0,1,3,0
231,2,3,561,0,0,2,0,1
345,0,3,727,1,0,2,1,0
312,0,3,342,0,0,0,1,0
403,0,1,162,0,0,0,0,0
288,0,2,2241,1,0,0,1,0
515,0,2,48,0,0,1,4,0
516,0,2,220,0,0,1,3,0
355,1,5,344,0,0,2,2,0
556,1,1,332,0,0,0,2,0
133,0,6,33,0,0,0,0,0
636,0,1,1519,1,0,2,0,0
625,0,7,1042,2,0,2,0,0
261,0,4,925,1,0,1,4,0
416,0,1,1977,0,0,1,0,0
634,0,5,694,1,0,1,2,0
535,0,1,127,0,0,3,0,0
571,0,5,44,0,0,1,1,0
444,1,5,1827,1,0,3,1,0
620,0,7,74,0,0,2,0,0
110,0,7,390,1,0,1,0,1
714,0,4,1852,2,0,2,1,0
627,1,3,219,1,0,3,3,1
793,0,4,2341,1,0,2,0,0
563,0,3,541,0,0,2,0,0
650,1,4,366,1,0,4,0,0
436,0,3,416,1,0,2,0,0
479,0,6,381,2,0,1,1,1
183,0,3,393,1,0,0,2,0
345,2,4,562,0,0,2,2,0
341,1,3,223,0,0,1,0,0
324,0,5,2505,0,0,2,2,0
505,1,3,5,0,0,0,4,0
578,0,3,1858,2,0,1,0,0
707,0,4,1627,1,0,1,0,0
321,0,4,192,1,0,1,1,0
406,0,5,1664,1,0,0,0,0
333,0,7,286,0,0,3,0,0
732,1,5,1436,0,0,2,4,0
181,0,3,139,2,0,3,0,0
305,0,1,1333,2,0,1,0,1
362,0,4,846,2,0,1,0,1
154,0,5,160,1,0,0,0,0
286,1,4,342,1,0,0,2,0
737,1,4,360,2,0,1,1,0
228,2,3,83,0,0,1,0,1
533,0,3,2470,0,0,2,0,0
182,0,1,350,0,0,3,0,0
654,1,3,75,0,0,0,3,0
529,1,5,2002,2,0,2,0,0
419,0,5,304,0,0,1,2,0
461,0,4,335,0,0,2,4,0
521,1,1,385,2,0,1,2,1
176,1,4,737,0,0,3,4,0
758,1,3,713,2,0,1,1,0
794,0,2,30,1,0,2,0,0
769,0,2,186,0,0,2,2,0
219,0,3,671,1,0,2,1,0
915,0,2,44,0,0,1,0,0
294,0,6,644,2,0,2,0,0
453,0,3,1372,0,0,1,0,0
757,1,4,51,2,0,0,0,0
665,2,6,218,1,0,1,0,0
489,1,4,507,0,0,0,0,1
629,0,3,1,1,0,2,0,0
596,0,2,326,1,0,1,2,0
437,1,9,32,2,0,2,0,0
804,0,5,857,0,0,1,0,0
525,0,1,114,0,0,1,4,0
834,0,3,35,1,0,2,0,0
475,0,6,77,0,0,2,0,0
487,0,3,209,1,0,1,0,1
509,0,3,3307,1,0,3,0,0
603,1,4,1053,2,0,0,1,0
496,1,3,130,2,0,3,2,0
532,0,8,867,1,0,2,1,0
294,1,4,86,0,0,2,0,0
558,1,9,494,1,0,2,3,0
233,0,6,823,2,0,1,0,0
257,0,3,539,0,0,1,0,1
377,0,5,2111,1,0,1,2,0
479,0,7,322,2,0,1,1,0
348,0,7,1632,1,0,0,0,0
380,0,2,253,1,0,3,0,1
500,0,1,201,1,0,1,3,0
470,0,5,421,0,0,0,0,1
849,0,1,1999,0,0,2,0,0
486,0,7,801,2,0,3,0,0
414,0,1,1220,1,0,2,0,0
622,0,1,901,2,0,2,2,0
584,0,3,70,0,0,3,1,0
281,1,5,577,0,0,1,2,0
527,1,2,524,1,0,2,0,0
911,0,4,149,1,0,2,1,0
711,2,2,207,0,0,1,4,0
625,1,2,292,0,0,1,0,0
466,0,3,1289,0,0,0,0,0
762,0,1,472,0,0,0,0,0
538,0,4,1019,2,0,3,2,0
710,0,4,410,2,0,2,4,0
548,0,2,74,0,0,0,0,0
614,2,6,427,0,0,2,2,0
409,0,2,185,0,0,3,1,0
558,0,1,92,0,0,2,0,0
132,0,4,1962,1,0,3,0,0
562,0,3,270,1,0,2,1,0
521,1,8,120,1,0,4,0,0
738,0,5,108,1,0,1,0,0
716,2,4,1470,0,0,1,0,0
564,1,4,191,0,0,1,0,0
565,0,7,192,1,0,4,0,1
890,0,6,955,0,0,3,0,0
868,0,3,1199,1,0,1,1,0
421,0,7,506,0,0,1,0,0
237,0,3,251,1,0,3,1,0
369,1,1,229,1,0,3,0,0
521,0,5,654,0,0,2,0,0
234,0,1,492,0,0,3,2,0
540,0,6,585,0,0,2,2,0
321,0,7,498,0,0,1,0,0
787,1,5,481,1,0,2,0,1
625,0,3,235,2,0,1,0,0
778,0,5,1441,0,0,1,0,0
604,2,2,814,0,0,2,0,0
535,0,4,521,1,0,2,2,0
498,0,6,304,0,0,2,2,0
707,0,5,1460,2,0,4,0,1
689,1,1,1676,1,0,1,0,0
655,0,5,1962,1,0,1,0,0
694,0,3,220,0,0,3,2,1
594,0,4,116,2,0,3,0,0
447,0,4,1605,0,0,1,0,1
411,0,3,277,0,0,2,0,0
390,1,4,415,2,0,2,1,0
693,2,2,1006,2,0,1,0,0
188,0,1,1791,2,0,0,4,0
524,0,1,2048,1,0,1,0,0
266,0,5,265,2,0,2,3,1
384,0,3,1472,0,0,1,0,0
638,0,3,184,0,0,1,1,1
775,0,6,67,1,0,2,2,0
404,0,1,325,2,0,0,0,1
271,0,5,709,0,0,2,0,0
364,0,9,1310,1,0,2,0,0
386,0,7,690,0,0,1,0,1
732,0,8,340,0,0,1,3,0
680,0,1,637,0,0,2,2,1
411,0,5,1074,0,0,1,2,1
592,0,4,703,2,0,4,0,0
642,0,4,470,1,0,1,0,0
422,0,3,1123,0,0,1,0,0
666,0,5,2428,0,0,2,2,0
400,0,1,627,2,0,4,2,0
529,0,2,20,2,0,2,2,0
639,0,1,525,0,0,1,2,0
363,0,4,706,1,0,2,2,0
614,1,3,376,1,0,2,0,0
637,0,2,233,1,0,4,0,0
486,0,5,1230,0,0,1,0,0
350,0,2,399,1,0,0,0,0
415,0,4,401,0,0,3,0,0
557,0,3,1200,0,0,1,0,0
219,2,5,2543,0,0,0,0,0
352,2,2,203,1,0,5,0,0
790,1,6,677,0,0,1,0,0
921,1,5,562,1,0,0,4,0
521,0,11,64,1,0,0,1,0
529,0,1,1537,1,0,2,0,0
745,1,6,1942,0,0,0,2,1
64,0,5,1559,1,0,2,0,0
439,1,5,902,0,0,0,1,0
344,1,3,758,0,0,1,4,0
415,0,6,4281,0,0,1,0,0
1019,0,5,888,1,0,2,0,0
448,1,5,1081,0,0,0,0,0
348,0,7,310,1,0,2,2,0
422,0,3,3820,0,0,1,0,1
471,0,4,745,0,0,1,0,0
651,0,6,259,2,0,2,0,0
488,0,4,876,0,0,3,1,0
846,0,2,125,1,0,1,2,0
500,0,1,223,2,0,1,3,0
385,1,6,450,2,0,2,0,0
246,1,6,1003,0,0,2,2,1
540,0,2,133,0,0,2,0,0
644,0,5,644,1,0,3,2,1
643,0,3,1072,0,0,2,0,0
667,1,3,545,1,0,2,2,0
508,0,6,47,0,0,1,1,0
744,0,6,252,1,0,1,0,0
210,0,3,747,1,0,3,0,0
423,0,3,973,0,0,2,0,0
503,1,4,2406,2,0,1,0,0
69,0,6,752,1,0,3,0,1
251,1,2,3341,1,0,3,0,0
285,0,7,210,0,0,3,0,0
621,0,5,218,0,0,2,0,0
330,0,4,1050,1,0,3,1,1
220,0,6,836,0,0,2,4,0
364,0,5,785,1,0,2,0,0
397,0,5,139,1,0,0,3,0
396,0,1,5296,0,0,2,1,0
347,0,7,733,2,0,2,0,0
330,0,2,899,2,0,0,4,0
64,0,5,462,0,0,1,0,0
464,0,5,51,2,0,3,2,0
321,0,4,468,0,0,2,2,0
124,0,2,2258,0,0,1,2,0
431,1,2,208,1,0,3,4,0
667,0,4,244,2,0,0,4,0
330,0,5,319,1,0,2,0,0
485,0,5,1117,0,0,0,0,0
491,1,4,2710,1,0,1,0,0
833,0,2,503,0,0,1,0,0
433,2,6,292,0,0,1,0,0
674,1,5,1582,0,0,0,0,0
111,0,1,501,0,0,1,0,0
663,0,5,455,1,0,2,1,1
503,0,7,1346,0,0,1,2,0
695,0,5,674,2,0,1,2,0
497,0,6,221,0,0,0,0,0
669,2,4,116,2,0,2,3,0
396,1,4,47,0,0,1,0,0
609,0,2,375,0,0,0,0,0
557,0,5,257,2,0,1,0,0
204,0,3,1043,2,0,2,0,0
655,0,3,274,0,0,3,0,0
516,0,5,2976,2,0,1,0,0
533,0,5,1803,0,0,2,0,1
216,2,2,1437,1,0,1,2,0
561,1,5,311,1,0,1,0,0
664,1,1,371,0,0,1,0,0
631,0,1,266,1,0,2,1,0
528,0,5,210,0,0,1,0,0
207,0,6,1075,0,0,2,2,0
851,0,4,340,0,0,0,2,0
557,0,5,384,0,0,1,0,0
447,0,6,86,0,0,3,0,0
345,0,4,274,1,0,3,0,0
497,0,3,822,1,0,2,3,0
688,0,2,1303,0,0,0,0,0
700,0,2,1105,1,0,1,0,0
597,0,5,1162,1,0,0,2,0
